C,gamma,tol,label
17.514837426907796,0.012136361203769106,0.002574271247431197,-0.7445415400202634
96.778240005721,1.7954087761399802,0.0680076438607245,-0.6846650202634245
1.6487852149055138,0.004728916591232559,0.0008439779492828013,-0.7431610942249239
990.9209829504097,1.7665547401300752,0.024667181051710858,-0.6461474164133738
0.1417002998316908,1.211381113823513e-05,0.00015246171767725666,-0.5
3.554421227423698,0.0349312543318875,0.008018575493110473,-0.734447188449848
31.39327510643313,0.06829846700590207,5.55003401658037e-05,-0.7573733535967578
0.057889955154455275,0.00014775764680908534,5.058427912755949e-05,-0.5
0.5504907707222292,9.860705784940388e-05,0.017529197069443204,-0.5
0.7332109817433088,3.1322753901411953,0.05462862647969605,-0.7468762664640324
847.7176985208324,0.0018967221741524526,0.04141366298469434,-0.7513196555217833
386.69267307522347,5.368209743946402e-05,0.00037993414913223457,-0.7389266717325228
0.2245263028988382,0.5636026088073084,0.003214590783084613,-0.7533529635258359
6.503578867990821,3.074097453478117,0.03541547884272856,-0.6672720364741641
0.030888158398849987,1.750132040196195e-05,2.099990275802606e-05,-0.5
42.055240450692175,0.23524027263106445,0.00011495974541781487,-0.755465425531915
0.014893948275474418,0.0022411991080311592,3.566363016917724e-05,-0.5
0.011531732234393485,0.05480346190354602,3.114469614016364e-05,-0.5
182.1559704786231,0.00017970946696966276,0.00014018358640336084,-0.7377583586626141
450.009166411284,2.5054914367557155e-05,0.00832971849509847,-0.7297657041540021
35.62840717044162,0.22821453086663004,1.0200847228309284e-05,-0.7589475683890579
31.04540578212089,0.18546564571441335,0.0001162305676739845,-0.754753672745694
10.233681293348734,0.050971169415406935,1.1506479306106004e-05,-0.7589830293819656
80.11619693456241,0.4591078020153862,0.0003814801323932666,-0.7365520516717325
11.275070263431404,0.01030758078757619,1.078312194735336e-05,-0.740697188449848
3.1332063190323063,0.0004553036755873713,1.4266389662742105e-05,-0.5957776089159067
7.5606055360344095,9.650920963551233,1.1774231651221245e-05,-0.6245174772036475
1.6432929942286325,0.02774081260058048,0.00033217996787430543,-0.7381155015197567
17.090321477330512,0.12747086329242405,0.0011431683041820465,-0.7598657548125634
191.14774862412483,0.017549544899099358,2.2871175688560283e-05,-0.7535315349544074
81.13466597671645,1.0367493842943816,5.023633301022907e-05,-0.7095117781155016
17.301900289376345,8.032390426556303,1.0153062511615956e-05,-0.6387164387031408
0.8080195953211697,0.003374544125317028,0.001899049812397428,-0.7532275835866261
3.230023874107302,0.0011063844528659335,0.0009559986597736817,-0.7467249240121581
1.3753073897616146,0.10014338701359747,0.0018247575659547481,-0.746322188449848
0.3213598692381878,0.006686830477793265,0.006788475126094564,-0.7290571175278621
14.225455696349664,0.1165339569074662,0.0006814854930354763,-0.7580876393110436
5.408362719241524,0.020961033824634132,0.003675310945934008,-0.7351589412360691
151.52144934124232,0.0007494197757728277,0.00023960130200721344,-0.7396282928064842
0.13406483938970012,0.6122446220994261,0.0014894916603218713,-0.7525595238095237
24.055491264195037,0.042025081223682176,0.012856000033486263,-0.7500493920972644
54.741035634460175,1.5788651289556708,0.0005988925364366525,-0.6753919706180345
392.02595218833875,0.0056805138823264436,0.0960608453455321,-0.7565748480243161
915.4847869909596,3.763184211154068,0.005159282185138769,-0.6374791033434649
9.849093630514957,0.08298899902496082,6.380548244463312e-05,-0.7577203647416414
3.7752816520835384,0.014874875665373691,0.0012342561128504345,-0.7371282928064843
0.08507935428355863,0.00032231740399106545,0.022264537128065524,-0.5
1.0633895626458247,0.4938682218791216,0.00025034715521728325,-0.7535239361702127
0.4876484421808485,0.1539650034017042,8.41655106259783e-05,-0.7469446555217831
118.52879580179358,5.168944717425783,0.002440797667469461,-0.6553286474164134
2.0999322711586546,1.1065176734515334,0.011828321427527357,-0.7693838652482271
23.541271694584307,0.3565484377698483,0.00017135691929573204,-0.7565343211752787
0.05063697830963765,0.9520625529721626,0.012959997679270871,-0.7499778368794325
2.0924539520551417,1.795805875616623,0.040623736588955135,-0.7503482776089159
0.2478125018490755,0.3075147084104946,0.0845926797096452,-0.7532814083080039
0.5217120095282678,2.3609616164815552,0.06443163562072203,-0.7672486068895643
0.023856280753449484,5.311311429547693,0.06876422824305779,-0.7374949341438704
0.10479767499735257,2.2824330090951124,0.0584255696183601,-0.7722941995947317
0.4187691665676165,0.8980061104501357,0.02073704293193492,-0.7573606889564337
0.21511372738068224,8.213575321975066,0.010625915399594172,-0.7667331560283687
0.12917416164170092,1.4910435196017233,0.03065162370782247,-0.7580927051671733
0.02341374312107335,5.7483627406914736e-05,0.0043858555698038475,-0.5
0.013956331536316872,4.985006032855684,0.05315818884025692,-0.7455154508611954
0.042459582803955294,2.8031597539104527,0.016023191813060896,-0.7559853090172239
0.09353735045097937,1.073042753172102e-05,0.02759267564234096,-0.5
0.745980741259647,3.0884159345755453,0.05370447513090916,-0.7441058763931105
0.08389289512963165,0.7110017809965948,0.097070650080997,-0.7514064083080041
2.3061063407938898,9.494890929490618,0.007851759741120961,-0.6308668946301925
5.160686597699541,0.229796027567466,0.035665822610713535,-0.7644142603850052
1.169773754999495,2.505833153558452,0.016865646632958597,-0.7444655521783182
0.6110418948540579,0.35743401774036404,0.07081082616417134,-0.7603172492401216
0.3722506078493346,0.02883225296533353,0.0055506423839785405,-0.7318192755825736
0.21710935922174684,0.06420617956569118,0.010240816067199121,-0.7386740121580548
0.03626812761559522,1.9696270514966083,0.047393522112070166,-0.7487455673758865
2.182537040706451,1.2943032884941152,0.002766106095419993,-0.7693838652482271
0.06434038926624107,0.7233893783657181,0.025097593120385238,-0.7475645896656535
2.317086196405146,1.2034214833163843,0.0026251744067051232,-0.7693863981762918
8.430683096060244,0.009049361894328764,0.0007366696027658982,-0.7416818642350558
3.9697945707790314,0.003212858174319707,0.000509874865960414,-0.7378856382978723
271.87720815104274,7.0237980858645805,0.003012130407449941,-0.6387088399189463
46.058051710368154,0.1730875365622757,0.0021173484397963146,-0.7582358156028368
0.28595951384021906,0.08766241539626116,0.0038578270536383384,-0.7432890070921986
0.9325499441840658,0.04333864721571674,0.006288706347558221,-0.7406155015197569
0.1770649336884106,0.4702615261595978,0.0015186149758081402,-0.7501488095238095
12.413045564815985,0.29600810771817965,0.009563310457978624,-0.7648429584599797
1.5853446241679836,1.204417373270126,0.0008966787456298768,-0.7693863981762921
2.778654928081525,4.197028760121636,0.0028419819484883533,-0.6829046352583588
6.3247587112282275,6.169552858377736,0.0002474201407349495,-0.649540273556231
1.6957061923946923,0.15471058934600565,0.0004792377795888125,-0.758266210739615
4.335935354337207,4.101961155671165,0.000862058139411473,-0.6555680091185411
0.010495664173881862,0.001649703394773115,0.0003198958777727572,-0.5
24.833931379278702,0.011827760901431608,0.00019734673696687223,-0.7435543313069909
1.4222456007308275,0.025510333974427292,4.51523124029051e-05,-0.7395415400202634
0.15966690413758028,9.803355086086887,0.00010443256983557249,-0.7665875126646403
0.6693131572780552,0.7794967679398767,0.00035394535004770516,-0.7667407548125633
0.020383696541196532,1.356662062000609,0.0009893911104429927,-0.7431231003039513
0.1000671826611111,0.11997428185567195,0.0015585486335609668,-0.7315463525835867
14.865974124448984,0.06908604844115415,0.001184871694590843,-0.7570086119554206
619.2162033844471,2.0695246934141336,2.0733957387866088e-05,-0.6510530648429584
0.05873059974188365,0.591504333401032,0.00047294106354808606,-0.7457839412360691
55.973597950947706,0.2773416428196149,8.374510379573465e-05,-0.7593021783181358
0.4343616656124158,0.3798885166199129,0.00014664383908272123,-0.7579040020263423
2.6837666654122434,0.00015076968305359817,0.0005878665483026049,-0.5
0.9410533706948204,0.21267877985411385,0.0022911535585073486,-0.7537177051671733
0.11214728088851443,0.008499039571251586,0.004472845460022109,-0.5
0.3214542043705196,2.9660924774403136e-05,0.019911952400980645,-0.5
0.017091824722645633,1.1251758027708063,0.007680272573961724,-0.7447429078014185
4.8954792711094095,0.0008263598717098135,3.2200241819136875e-05,-0.7439823961499493
0.030255825534337574,0.0003845368094097678,0.0007790268054359318,-0.5
0.06522656646237385,0.050979850368106136,6.470198926242224e-05,-0.7445896656534954
6.601507592116353,0.01500860506370194,0.0001157691257811804,-0.7406946555217833
1.7646179781122118,1.6022726641307323,0.0018236558022863534,-0.7656262664640324
9.659942792697443,3.295693209239676,0.0001856351544083067,-0.6660859929078015
71.28657394803216,0.00409149265833212,0.0012723005300264336,-0.745965045592705
1.136589919769665,0.5309744063908426,0.013689725931155418,-0.7566540020263425
20.151218994244854,8.527021816345546e-05,0.00040911538170661764,-0.6927058004052686
0.5980586393352427,0.00024182375082588804,0.0002845348194451704,-0.5
0.18891244069503446,0.030766365257906995,0.03364662392331277,-0.7415716818642349
3.417030138980785,7.089705751643832,1.4937379083768509e-05,-0.6470428064842959
0.2708573715497527,0.9120351228833221,0.0032532623030671398,-0.7586157548125633
20.37100343421795,6.441133735188703,0.002392216757296357,-0.6500582573454914
66.37537586379365,7.115567310203925,0.0008582567451964733,-0.647734295845998
0.3683143268510938,0.00018067170760115988,2.4322456852550746e-05,-0.5
13.889260667974904,0.00012318407647285282,3.953171923650912e-05,-0.6887772289766969
6.4652870426935545,0.3126776296641169,0.02007988059462917,-0.7588658814589666
0.032201558729115634,5.66082921203125e-05,0.0022428078256665875,-0.5
190.27553106075,0.06910582107140603,0.0004129239390317774,-0.7463658814589667
0.6203508831795499,0.022725860811311047,0.0017815732269201843,-0.7407326494427557
24.64482090313154,1.554138231952866,0.02001632726387204,-0.7115704154002026
2.161900548400397,0.002400762512664753,2.0446134748898407e-05,-0.7451355116514692
4.282244427819794,0.0004971446126957401,1.0465988685604117e-05,-0.7356003039513677
23.804761857831842,0.0009258715802860027,0.03732822351348648,-0.7383016717325227
0.024164844878016758,1.4441072150071237,0.0016849759851999804,-0.7474062816616008
8.261364959478946,3.6979558627548184e-05,0.03529610596673777,-0.5
149.94713210511074,4.8517151947590795,0.0001411830721405832,-0.6487265704154
0.8718853414085395,1.7860778113322202,0.07442057709024771,-0.7703736068895644
0.010415867470027172,0.0003896931830296853,0.00010125091259152964,-0.5
737.9220531871671,0.3130834246016335,2.603774667713082e-05,-0.6879476950354609
3.6070109172293754,0.00016636298127381083,0.00014198889532174012,-0.5
0.013990560655236569,0.003012599929180597,0.007027308146307613,-0.5
0.1311042692578858,0.20575593258891714,0.0939996429633959,-0.7418629685916921
0.7801466108429534,0.8519168621389623,0.0994355610729858,-0.7636081560283688
0.13292489865709164,0.029579763197759512,0.007448257596154716,-0.7412196048632219
1.393113978530356,0.17442710847297713,0.008654178946148191,-0.7582687436676798
0.10103629629462528,1.3560436754740397,0.08171664616575547,-0.758013551165147
0.4985336266205399,0.96264187484057,0.08385972061355712,-0.7663785460992908
1.0236964372268569,0.010240459843903262,0.043180376898538486,-0.7296840172239107
0.30040184237180434,3.3300705752200352,0.013735606451402198,-0.7602843211752786
0.03680231509513916,0.05821644378926056,0.05517137967710256,-0.7124708713272543
0.06543280999843504,0.43006049875903707,0.00388869449006179,-0.745072188449848
0.23850682984430144,6.383250371802945,0.0005171942704066775,-0.7598581560283687
1.9240157063630832,9.106572886908726,0.00422759422177981,-0.6381015704154003
0.4182120235362939,1.026221625897498e-05,0.023823195677928868,-0.5
12.324901968967614,0.09845659351599063,0.0009993465044280734,-0.7580825734549139
0.18528680426798996,2.6813707606693407,0.060929165244268724,-0.7713886778115501
0.062382712682134,0.6034664633875738,0.013487045533233804,-0.7464956940222898
0.1838028265535591,2.921130191123777,0.003849508266453639,-0.7724626393110435
46.0142827806159,9.478674018767977,0.0004256353125672208,-0.624591565349544
0.06200755851267796,0.02088682207451461,0.06448921567707237,-0.5282871073961498
0.01879821664183123,0.0039911165802180276,0.0261422432328078,-0.5
0.2352502853989685,3.1628556025489933,0.0030878707240555065,-0.7719908814589665
0.035258919954946004,2.8728381857257124,0.0006666496200481676,-0.7528577760891592
0.17633726526867527,0.008114290300283109,0.00022918483748131597,-0.5673442249240122
5.869256985143419,9.96239633283942,0.001485077051030917,-0.6252292299898683
975.0612382648454,0.12406854956985718,0.003139172935319633,-0.7211999746707194
1.595304643167465,0.04044122787020543,0.00027091506779741736,-0.7350747213779129
3.112292836834889,1.0556782753868582e-05,0.0013785109094954426,-0.5
0.08153848388190622,0.0015223537164828949,6.516968114055517e-05,-0.5
39.73061439582039,4.862974561934932e-05,0.002824809718332348,-0.7130933383991895
125.6882336840785,0.014903993782107794,0.0052843055675752424,-0.7500519250253292
324.19962877894346,0.5402309076873743,0.0007904436495379588,-0.7076519756838906
0.31416221433089553,0.2861784803532478,0.01253625520961693,-0.7501538753799392
0.5808037377949441,5.000591861978368,0.001757576272682583,-0.7317641843971632
11.924870416171293,0.00033084301800904417,0.0023867858609804733,-0.7468344731509624
0.021937529677915298,1.9471485036960952,0.00981746046632402,-0.7445542046605876
0.04057390907254167,0.005051425683068857,1.3729889482099502e-05,-0.5
2.2994395864948367,0.8134022540651216,0.005667254961028943,-0.7690343211752786
0.010645831845270856,0.1015264484303914,0.00027193284331523314,-0.5
0.9363471169197856,0.05236380676438827,0.0012283742382286757,-0.7430211499493413
6.581534794160897,2.289132354893745e-05,5.005464119743579e-05,-0.5
0.1337971301474006,0.000799984324710129,0.00019234068747672772,-0.5705008865248227
1.3526543762275662,4.2660519968180965,0.0006599356335935142,-0.6989785967578521
0.013513238169490335,8.442068233281135e-05,0.01656991987350341,-0.5
0.04910160251199313,0.1736337171145486,0.03403243906810103,-0.7404901215805471
18.6490231751586,0.3534876030200692,8.400559911137822e-05,-0.7627868541033436
0.20413402529752656,2.374243181311256,0.009339653740410693,-0.7707560790273555
0.09410532776793172,0.9739450786648916,0.04726392321624424,-0.7552456940222898
0.3920089935575192,6.326749261805711,0.0056419318046088095,-0.7383738601823708
0.16344192538615465,3.5956839332967867,0.0019991682272798694,-0.7671973150962512
0.7495930211095597,0.22456269998778697,0.02696339061539592,-0.7561284194528876
0.23682196190131996,1.3617078444186057,0.00034484180505345454,-0.7613836119554204
0.02643071342405281,0.6023198601277926,0.004235584861146338,-0.7413576494427561
0.5144664763022365,2.2473500183698607,0.0010827043069033054,-0.7685904255319149
1.1613557933849514,1.1208976950011649,0.00015483154284963752,-0.7685904255319149
2.901126084145293,7.54640795549039,0.01922951310755793,-0.6477545592705167
0.11637743808011662,0.4613998900434134,0.002882513587637357,-0.7493553698074974
4.660155043628653,0.07331050286238892,0.006814164458165722,-0.757911600810537
0.29016028320281056,0.033997370854102524,0.05987937363810152,-0.7288829787234041
0.016532481244178287,6.6603160093067455,0.011793831751362036,-0.7338880445795339
0.08352936223702012,3.1357496894620587,0.0004945652120392015,-0.7711512158054712
0.04953216094025755,1.8305550997247189,0.0032906582414406263,-0.7523068642350557
0.02945986711060492,0.7218457075368525,0.03178607775444825,-0.7385720618034448
0.6273637196599479,0.1310872660378565,0.02151493468752713,-0.7462354356636272
1.7130505590986138,4.9618384573066665,0.09859420796156912,-0.678068009118541
0.16526557090231733,9.98638007408806,0.0008777266043955062,-0.7687278368794326
9.468925380843745,0.008253731650729491,0.01616774096329666,-0.7385568642350557
2.462774573581336,0.36726060032508456,2.8848799405646526e-05,-0.7602178318135765
0.44940292819237343,0.015100422851397247,0.0020359672002992725,-0.7451279128672745
0.29925565609248583,0.24609373252629174,0.042219993938597,-0.7525645896656534
0.07361776501172343,0.1663565628045398,0.0073070071103881985,-0.7322581053698075
4.508518037931443,1.595394813256788,0.003749383968647119,-0.7340982776089159
0.7213480393596798,0.0023775470159722984,0.001543572083883319,-0.6491957953394124
0.04771526311904445,0.025362299347805727,0.0006414954418058383,-0.5136632472137791
1.0974183345658974,2.7532405052254645,0.004887545021050315,-0.74588905775076
0.10931061816172477,0.00024073393319444663,0.0003536357844682447,-0.5
0.011173865367987264,1.1537869886967873,0.0001233169205723276,-0.7449594731509624
0.022254448781788092,0.056306375722284176,0.07388889635209185,-0.5107757092198583
82.89237101352096,0.08522921137828361,0.010327571152266329,-0.7560980243161095
0.24269858858299376,3.935887442569864,0.002670047925799671,-0.7668123100303952
0.056739222147316686,0.7158769244206907,0.01583924088373294,-0.7472074468085108
310.47423888865643,7.939940846123308,0.029539073529080508,-0.6203134498480243
32.068846766168015,5.6238116625224,0.006603517206795685,-0.6521168946301924
0.0368420963100787,0.462719335877859,1.1254078681161524e-05,-0.7426000506585613
0.3665671863184204,0.0010049369727256603,0.008604917957420247,-0.5
0.15038786012317815,0.04296303959044322,0.001076583132120627,-0.7426355116514691
1.4453441719193676,0.005417332305064696,0.0012677168977466887,-0.7438728470111448
0.2225643276281984,2.4845819006770813,0.002221334543483402,-0.7760138044579534
3.37665833179202,0.12176790918605075,1.7404314099539223e-05,-0.7580008865248227
0.8766731445767338,0.31589619243947464,0.0023590205120433763,-0.7589779635258359
0.016518862074611906,1.5348724066869958e-05,0.0008172062231932978,-0.5
15.184570243582964,1.3661203248025422,0.0005250150772765086,-0.7157997720364742
6.687708080563308,0.9517742573734056,0.005122633515844748,-0.7656338652482271
2.0434915834901477,2.1664513099466918,0.003438291645432405,-0.7389146403242148
0.21229711137976204,0.00014152051743176333,0.004199819551345449,-0.5
0.5493577675660773,4.090496608106049,0.0016048709899640554,-0.7407104863221885
0.09572959524129723,0.18940203855739884,0.00020383568771525923,-0.7378476443768998
0.1330518814200899,9.587637882402218,0.0019529650876476926,-0.7608143363728471
0.3607137830084723,0.012972559528159422,0.00034191620959243813,-0.7439823961499493
0.030623558969334462,0.27248944278134724,0.011447306293842512,-0.7397758358662614
0.7065309667905872,0.6201104713030183,0.0009628417675481688,-0.7570060790273556
74.91394027029723,0.002319570411693746,0.0021911448366568765,-0.7431155015197569
89.94219960300673,0.3731921512511776,0.005361049219411518,-0.7268300405268491
1.2934099641159365,2.803298642652313e-05,9.884621476363104e-05,-0.5
0.032036430462064176,0.017583045436530866,0.019947003277786642,-0.5
38.71144768802578,0.0012768656219843155,7.309488039896814e-05,-0.7357022543059777
158.90894915449815,0.2622204210045469,0.09918505054255894,-0.7303045845997974
30.4189544678854,0.0003077328335263875,0.004987416023966252,-0.7293218085106382
11.078473697685606,0.4019151500438573,0.0001464167195960469,-0.7690343211752787
1.6405594491377962,3.517679402245592e-05,0.0006287750038562406,-0.5
27.455273509553308,1.2473346815738758e-05,2.962033120950411e-05,-0.5
1.7184537577350645,1.074933004637462,0.006096697756191603,-0.7696593211752786
0.013557399931891626,1.8196343924113428e-05,1.0238638668126461e-05,-0.5
6.4301303419726885,0.009835636136554764,0.006722242917909887,-0.7385568642350557
2.7318794427957123,0.099232499939779,0.060140053780130764,-0.7515799138804458
0.016341257145185632,1.268530823245622,0.0008726220863048702,-0.7443832320162107
0.3530729685094293,0.011415193644934951,0.04452222278705584,-0.7357731762917934
2.6585134483683013,0.0002153804858049844,0.0019347119485298454,-0.5
0.30366502388671024,0.005013672298480823,2.3129891522880464e-05,-0.5876222137791287
0.08452327918842299,0.021555523071081703,0.004213221371185807,-0.6651013171225937
110.39116580743915,1.0552735597938376e-05,0.0011552084360022122,-0.5165203900709219
922.1119616934744,7.012227908857838,0.00027661909267682875,-0.6271935157041539
13.303803095876786,5.441430277868529,0.0002108906655699879,-0.65757852077001
655.8779986603855,1.969595850289192,0.0167634529739387,-0.6569484549138803
0.5114223970735583,0.07359383948273203,0.000433696885814893,-0.7440900455927052
10.677456776976003,0.9999307763204052,9.65321065497019e-05,-0.7444655521783182
0.12268272291360174,3.7696479976632165,0.0181536695355014,-0.7673936170212766
5.9494879347249165,0.4599487767539747,4.197219772063477e-05,-0.7638557497467072
349.47167164623625,0.08188944404777558,1.1117735430041617e-05,-0.7554730243161095
0.6272362045620586,0.2427497558814269,0.001580170956223661,-0.7554166666666667
0.8975807449550512,0.04670147785548232,0.00018819533907577882,-0.7402558257345491
12.697015539071176,0.7367944323063961,0.0089645360598362,-0.759029255319149
0.12741138418062986,2.9114872285410898,0.002784634910363643,-0.77024062816616
0.1314945115430491,3.3250874230606065,0.03541973277017578,-0.7695314083080039
0.0315779803449194,0.0024929798967983164,0.0029495095298822504,-0.5
0.06289094949423234,2.530350831908601,0.010828283067749777,-0.7602634245187436
0.2933348292988707,9.923577204869346,0.0026744428553768114,-0.7339095744680851
1.452494843409761,0.20742756620171712,0.027301873304422915,-0.7600493920972645
0.0298707552544406,0.00032063278929717997,0.0004781184391563997,-0.5225892857142858
0.16502880641956247,0.024533715002900525,0.004502907775933513,-0.7450487588652481
0.010455805415575252,0.17557125762752793,0.0011466554565925438,-0.5407541793313071
43.812610604832706,8.94131341428029,0.06872561689924503,-0.6301298125633231
0.05077752289879185,0.6614116882956991,0.0088019943386741,-0.7461385511651469
4.46722499993587,1.8032478402217875,0.012278430419942742,-0.723371327254306
1.0321282237005087,0.001032867635751104,0.003517710433233676,-0.5025000000000001
0.21335810051432946,0.03640312775005945,0.0006266488196899362,-0.7483396656534953
1.9126772500250369,0.13566277844791108,0.005609681223502058,-0.7575569908814591
0.021272402112967125,4.818991584528281e-05,0.025247421388227168,-0.5
0.5188876443943774,0.4400844992027512,0.08570327747241545,-0.7582611448834853
69.1784766481693,1.692919614710544,0.0019082515998856398,-0.6719991134751773
0.05436196129646248,0.006738351821702251,0.00034312146337813496,-0.5
18.254691908963906,4.523072563078219,0.00682482439328891,-0.6592774822695036
247.8587438103584,0.0009676638809391,0.04416358918524637,-0.7445390070921986
2.8269165679614874,1.0540637287683552,0.0009490464363870047,-0.7690317882472141
0.0938597385245546,0.0036296931331971844,0.000729467675848704,-0.5
7.690795423264049,0.009765433746043994,0.012961741703575828,-0.7416818642350558
4.109515090553955,0.05549117864098267,0.0015239792891953885,-0.7456870567375886
0.7315445787316261,0.31543939429346857,5.6577414300142394e-05,-0.7582611448834854
0.2431028393054521,6.154780298588134,0.00010630870059284372,-0.7626260131712259
1.7280778195587718,0.1222935215559755,0.0026837636178772576,-0.7537202380952379
0.3566092239839677,0.00010873384374912347,0.015957570263140708,-0.5
20.10853930065909,0.0004963605213114773,0.006558939697600968,-0.7311024569402228
0.017088028849878104,0.599415643550977,0.0012927000541354734,-0.7370105116514691
0.4642025886008031,0.017814410830170428,1.4075279335451737e-05,-0.7379825227963526
1.215402685173712,3.007635152481214,0.00021933757360478897,-0.7379299645390072
0.010631165033088641,1.1950915315310575,0.028775043586307093,-0.7399746707193516
0.14360802138102133,9.0483500448228,0.033664090843358814,-0.7661588145896656
0.08187958707793082,4.037198621956144,0.048360757968551916,-0.7679419959473149
0.039062285185388665,2.5903315179881434,0.02296681345533115,-0.7497277102330294
0.1824984490730608,0.7568433815537282,0.09044038634443573,-0.7581794579533941
0.10794750721258836,0.35360498288125564,0.003487934901334076,-0.7468553698074974
2.176287763876932,6.7134461491527535,0.0385212428566068,-0.64643047112462
0.8552712132035893,0.208079892145258,0.054442625506627776,-0.7557738095238096
0.02442220854167703,1.5349787952105582,0.019642737930754203,-0.7466945288753799
0.07184674905689492,0.033759299919522874,0.002027725621378029,-0.7454242654508612
0.04612088751413338,9.738131029211713,0.009777479542211736,-0.7152570921985816
7.809931524755063,2.3950341359407323,0.06701886481761476,-0.6941622340425533
0.35214882152582355,0.08790199668350894,0.0073444547406091455,-0.7419471884498481
0.23394729822868096,3.71620394654672,0.0043306751712277256,-0.7653862715298885
4.443017391442926,0.97345750392945,0.014269898403665209,-0.7711695795339413
0.13761195590164702,0.4964190117808384,0.0005613898626459808,-0.750781408308004
40.243441596505434,0.059596206690786316,0.013958880647102635,-0.7573733535967578
64.24499266788703,0.012971195942029213,0.0035989634376808396,-0.7537202380952381
150.88746138790881,0.12560097882751847,0.002515206591343045,-0.7589526342451876
5.009240193681316,0.2754458343446276,0.005381483248183317,-0.7588760131712259
30.767724074589893,0.7961652791796964,0.0007323483927710153,-0.7277741894630193
17.683343884266268,1.4058033843683446,0.008579414469030018,-0.7123942502532928
3.3160858185529745,0.17658589777757294,0.0016390162778378535,-0.7579983535967578
1.2613771021884763,0.9548866759139418,0.00030425160127576216,-0.7699347771023302
8.962391424473715,0.891742991375142,0.0003091183299499886,-0.760093085106383
1.199899802169391,0.029772382131709012,3.483621577211365e-05,-0.7391843971631206
2.253577017583101,2.0406197875155367,0.0001407822259933735,-0.7389171732522797
3.3630464399803457,0.5603584912773963,6.375528462758462e-05,-0.7672511398176292
0.7015179645770443,0.39040634968925386,0.0004659750547472583,-0.7579882218844984
5.944937445905107,5.294953959320815,0.00015184425151063157,-0.6615096251266464
0.4435995720719352,0.0057945471222649245,8.254545022235742e-05,-0.7590925785207701
14.976461465626063,0.0018492876589306965,0.00013098877338374242,-0.7324955673758866
537.4104322698971,7.019883749323788,0.00038183621805889964,-0.6338006585612969
1.525692176713899,0.05950774826289045,1.66058470094836e-05,-0.7399829027355623
23.371188644457675,0.003619026100841476,0.0002795565100989579,-0.7427532928064843
50.014175216979936,0.1035130556312402,0.00104929553941486,-0.7540419199594731
0.5903685894292258,0.00011319804159190337,0.00136258777658943,-0.5
99.22010485544865,0.04537059593721747,0.0022044041791974087,-0.7643325734549141
11.100837510793399,0.16207954833640675,0.0007960375692231285,-0.7602228976697063
0.9988188001006864,0.00835556437913003,0.0005458776404243598,-0.7390539513677811
0.2934810062908281,0.2561017085798208,0.0001980659859649624,-0.7529242654508612
3.8819117036741937,0.02221771874450737,2.285389725113313e-05,-0.7399854356636271
0.1761631638900014,0.0138185139783155,0.011678407804685657,-0.7484599797365755
2.4779485288342857,1.4291300560079211e-05,4.5790469197097746e-05,-0.5
0.013572816948158838,4.488951193242191,0.01605375266789555,-0.7457529128672745
5.553352329619606,1.0961981377040009,0.00023823535461727196,-0.7558991894630193
31.116849888014045,3.1182263603580376,0.00038537391503249487,-0.671971251266464
0.03801549147336635,7.5427179412466385,0.0033424678977386217,-0.7320814336372846
0.4043226013273808,0.0006303009855810463,0.0009172880891603143,-0.5
0.8635760976695571,1.9793825139698316,0.03024991845642336,-0.7666185410334345
0.060780061921980474,0.07846856498927005,0.0017143076986432546,-0.7372144123606891
0.10088233563577677,0.3217092956800021,0.005116180399649561,-0.7447125126646403
7.024980057980658,0.6690677098618839,0.00017884242774946431,-0.7624246453900709
1.980529385324275,1.3762749029287509,0.021445192698671844,-0.7700956180344478
289.93696955169935,4.978652449030528,9.647073956184536e-05,-0.6403311803444782
1.2483104532268128,0.4493656001178989,0.007788168469260644,-0.7573632218844984
275.4534744588115,0.8259181353646203,0.00756063055638097,-0.6920067122593718
19.997024641516077,0.00017568937644136905,0.027885021436471442,-0.743518237082067
27.34900861319072,0.11066354416327427,0.005749222026095961,-0.7623606889564337
0.012561968296011687,5.321414994466188,0.00034841781936032585,-0.692289766970618
125.9366663488233,2.49312530698458,0.09952830844406402,-0.6801728723404254
4.014328394688163,0.5086186877430728,0.00026117812820060653,-0.767608282674772
0.2596067888034519,0.1591584646873538,0.004447096138402615,-0.7447992654508612
130.96732199889635,0.000220378096517107,1.7446770128408794e-05,-0.7335644630192503
1.1950641670980826,0.0016979213011627551,0.0006215034197665741,-0.7424062816616008
0.024149672707785938,0.007915940243962711,3.348586978998657e-05,-0.5
10.602718129498227,0.0017949124426498535,3.574152773232605e-05,-0.7395567375886524
27.30664788059909,0.00020147424641610745,1.3162183552687202e-05,-0.7420079787234043
0.07465372576745752,0.33627169115738204,0.0022820585620314067,-0.7429318642350558
889.5950847714995,0.02677824379966688,0.004968586417708636,-0.7511999746707193
62.89481344629269,4.926571998268596e-05,0.0002104354762333482,-0.7460157041540021
0.060454785674305324,3.2130235855491684e-05,0.035983040292890754,-0.5
0.04594262263747826,0.2792808092878693,0.03784403292044322,-0.7314595997973659
0.10823891948805647,2.4548557251408702,0.01335943709649297,-0.7733656281661601
4.438848432628901,0.008694238024967566,1.8808076758965852e-05,-0.7415976443768997
182.1598125139817,3.1461369612658334,0.001882113122771165,-0.6642622847011144
0.8014283350521421,0.9943020062711494,0.00013892392444452608,-0.7677995187436677
0.2722168280443251,9.403694699894212,9.178540930265152e-05,-0.7390089918946302
3.4061896810198404,0.03713321336897958,0.013067577920427462,-0.7348043313069909
1.1552601223784436,1.6015515819632835,0.0009322828918391613,-0.7690317882472137
0.21372750411585106,9.990141174039897,0.0011050053883419144,-0.7566489361702128
0.7989407112674414,1.2246375830407243,0.0006143896210341393,-0.7695751013171226
1.5607548882803544,0.06924842807664536,0.08250608522962538,-0.7340900455927052
0.11883090678727833,1.9458269225841205,0.017076016194366567,-0.7639855623100305
0.01043430100952948,0.6618265531189363,0.0029771669779576613,-0.7381914893617021
0.6042399474250582,7.228290692333966,0.0007544689820661937,-0.6979888551165148
0.02731950135535224,0.003524456309064939,0.013004974110583508,-0.5
10.258016283904377,1.1025171562211523e-05,7.208965818322619e-05,-0.5
0.3556778566450511,0.056064703023944285,0.0004101122787113632,-0.7416995947315096
0.10666411273450817,0.16534029601314207,0.05571859262534375,-0.7381306990881459
0.021451410666723732,0.02137947252413152,0.008101606452245448,-0.5
2.2313939862300627,3.907642466421865,0.0015861003202015938,-0.6869174265450863
0.4589551714451664,0.9769578905993004,0.00048741861097237587,-0.7670902988855116
0.14780440814606072,0.10537929483935307,0.007213579810322205,-0.7415235562310031
9.03062875699193,0.0004275437895365972,0.022675228791297814,-0.7388063576494427
670.1480620581348,0.3268804860126571,0.003702190043682692,-0.6883023049645389
61.008778962894446,4.533912177652863,0.00023317413637584023,-0.6573005319148935
0.039751886233705874,0.003830490016501608,0.0014485495422202847,-0.5
6.291343360182824,1.6401741727222865,4.655085543160714e-05,-0.7272156788247215
0.018011914999188392,0.01419274798051641,0.09934297156283234,-0.5
18.313539412021026,0.0005701701101972755,0.008377221916809676,-0.7314646656534954
0.7773385529576946,0.1898736582366002,0.0001391583783605975,-0.7543477710233029
0.0774865364820431,0.4816949119909291,0.0027449365483306174,-0.7468579027355624
0.19596915860092848,6.4392565113122675,0.00033394946601290583,-0.7648758865248227
1.5834093442614892,0.10188683491296836,0.0006113950156324946,-0.7442686170212766
17.91945151185547,1.004599126893892,0.06496614208511743,-0.7312563323201621
0.01336104980721492,2.5437026512655967,0.005318946288711748,-0.7497657041540021
69.17345545022204,6.61714299730253e-05,0.03316200516227975,-0.7400588905775075
2.8871043309762765,0.4501443051618947,0.00012696993098679316,-0.7605648429584599
0.4141442124392485,0.0013168014216465742,0.0011194150178292324,-0.5
0.0427112707279457,0.005426312470267511,1.0305911482744913e-05,-0.5
5.1059427579145735,0.03975858974539314,0.011878609191409695,-0.7382940729483283
37.30942819642762,0.013076801944735051,0.002225719176466189,-0.7526513424518743
0.9677437399903844,9.756291526437296,0.003892054103198229,-0.6487367021276595
2.3285846758750828,0.2746063750000006,0.024019282220767192,-0.7577228976697061
382.20985504528466,1.2024875672113924,0.0001858385733789294,-0.6875221631205674
0.07117610884547823,2.8915559480165527,2.047448876663408e-05,-0.7682991388044579
0.6048031575584253,0.6753421414784184,0.04353783181529992,-0.7597764690982777
0.33199070096537986,0.06414325364495213,6.653289575366947e-05,-0.7396409574468086
0.030549380721905287,5.509117793032403,0.00032035327145444687,-0.7451481762917933
0.17366363721042688,0.19779837956252705,0.01841570643486248,-0.7415925785207701
1.6776815427121976,2.376440027976187,0.0008119018912257037,-0.7416875633232016
0.10076026011336857,0.6973717641797784,0.0004899349959279164,-0.7542559523809524
1.139685572762596,7.897948689035696,0.0008814402548722695,-0.6595630699088145
0.6020206361411414,1.7237933869691835,0.0012758764573412905,-0.7689475683890578
0.3100383924516719,3.9764908871708164,0.0018820701378828852,-0.7582256838905775
7.376276830398347,0.1210468390950768,0.0005551208747037724,-0.7601386778115502
3.386292833669683,1.4560339262034283,0.003127274201593653,-0.7541926291793313
0.2180139928045728,0.36755657457851626,0.006867590425813521,-0.7515773809523809
0.05969566508884357,0.03542870103762444,0.0001843842159452493,-0.7283915906788246
14.570016942353881,3.4670665544529347,0.0002965495217094713,-0.6746548885511652
0.13213763781231247,0.2519642730153802,0.00041898543736782883,-0.7457839412360691
0.014587106729578315,0.021797099803709672,0.010278287304497,-0.5
2.1378158847388926,0.08909998577309294,0.00010120898421401106,-0.7422125126646402
32.35692777754007,1.2445735960585624e-05,0.0006852595522700059,-0.5
0.4741913631512612,1.0205370340064788,0.0016310794862028995,-0.7667331560283688
1.2589425498363678,2.0845996136795906,2.738870131211996e-05,-0.7555420466058764
4.875936405370123,5.449367068161164,0.002366877106718382,-0.6576754052684903
13.39532658911298,0.4731193573001477,0.0009536466907258619,-0.7617103596757853
0.24912461791449497,0.1558297692606426,0.0041416017003160985,-0.7433706940222897
0.03541498305379612,0.0023039679663603434,5.1522436372807096e-05,-0.5
0.7783471545055985,0.045877819588152915,0.00025478822450341243,-0.7426665400202633
0.09499961361565724,9.94221849303316,0.0003978087967965206,-0.7515792806484295
0.15330352276726833,9.367582234323803e-05,0.015104350785326138,-0.5
0.02121805803167302,0.0007502730587683845,0.0012886388860707007,-0.5
0.06091060315241707,0.7599164380735849,0.0056017348397374754,-0.7472074468085108
2.835483665589272,0.007173211742667498,0.0001482035426890348,-0.7378552431610942
0.010917409949971958,1.3308288829601236,0.0031979609345268033,-0.7438956433637285
6.475136108644345,7.506397549501593,0.009006423015401395,-0.640688323201621
0.9946126854824144,0.22897115837867896,9.856901846729333e-05,-0.7603223150962513
24.14812020789192,0.15280952213946553,0.08285051668962679,-0.7627077001013172
1.83222114533745,0.012657430252788137,0.006363639507678753,-0.7376766717325229
0.5332303266619649,0.07887386715473126,0.002103481488300433,-0.7409650455927052
4.067351200822505,0.35422870900673403,0.04955055305566821,-0.7644066616008105
0.05225117706044547,0.5824649319264624,0.02688318271073744,-0.7457864741641338
1.3449196982339748,2.7227755604736723,7.916206511059197e-05,-0.7420447061803445
0.3992232869655744,4.366747948952109,0.004681426645795765,-0.7434017223910842
0.08238669660168219,0.01709058932969331,0.0010730045176835764,-0.5585024062816616
9.190433692187668,1.1653073577365332,0.0006927448221408043,-0.7260701621073962
99.1719087436167,1.514601348112774e-05,0.01992872413056116,-0.5876222137791287
0.2659746725042253,0.029453096333284,0.0005524677560058923,-0.7452146656534954
0.17453532317096185,0.12269329778182007,0.0002082247997871934,-0.7382966058763931
0.8534775533352599,1.6114221175478434,0.0015890581972702908,-0.7727843211752787
0.11414804173098007,3.48653862048756,0.0026564363284749186,-0.7681053698074974
0.9051637122041823,0.053560747618837536,0.01173630116327023,-0.7430211499493413
0.6271322863962984,0.3910683282412857,0.014567508678003197,-0.7558453647416414
202.92764223557063,0.8853146685574412,0.003507757991224152,-0.7006648936170213
46.936626734406225,5.737336361198515,0.035406537688363666,-0.6469408561296858
2.4415649590605373,1.827104330902941,0.0016769462291563947,-0.7455243161094225
0.015699379305819702,0.5631802406934336,3.3773806827427e-05,-0.7440488855116515
0.7434817695762279,0.0003106161930992334,0.009878027158638515,-0.5
0.02532277596147424,0.0035743569172050882,1.2599796709747465e-05,-0.5
0.362786378785352,0.005488054196613308,5.593418183484216e-05,-0.7472606382978724
0.2424625088086145,0.00011829598289831887,0.0013554312530786425,-0.5
0.03465274335485653,2.541092123030495e-05,0.00043962023982479966,-0.5
5.497064279401584,8.041163800991956,0.00016349341276956832,-0.6445250759878419
0.027223100463401373,4.9152998031803305e-05,0.0771925883172438,-0.5
14.329119406595742,0.04794811968853405,0.00013554383914463506,-0.7572815349544072
6.674695311606699,0.7069339558349523,0.015323513705790078,-0.7620649696048634
0.3755987360081714,0.4422066063205366,0.00011757391366504971,-0.7606718591691995
10.56643591421619,3.0514799733113537e-05,0.017067203576144857,-0.5
0.20053541916007755,1.7393688932729798,0.001151924485178032,-0.7704014690982776
0.05167921121486202,0.0031364030372167985,1.889351652553473e-05,-0.5
2.773024492808552,1.9969257056977865,0.004560377520336466,-0.7309631458966566
1.1093533810592358,0.00044649413966050134,0.0005373707495890982,-0.5
4.140289895724081,4.97697781827196e-05,2.660938409138573e-05,-0.5
0.045120897518990885,0.02156167840359871,0.0007650920112010124,-0.5
72.47035501124219,8.59154725598758,0.010108297608173214,-0.6321884498480242
0.013271207654884338,3.9056239325412454e-05,0.0003656747122741938,-0.5
0.30105688512845064,0.00023928548396684376,2.28429160121428e-05,-0.5
1.4855885890592966,0.006891729637577827,0.06508661766338264,-0.7345079787234041
0.7394805457575587,0.002213596081785588,0.005856463131925702,-0.6187215045592704
54.478028081934156,0.006207904987930182,1.6514622199559854e-05,-0.7484599797365755
0.5955194059897279,0.0020518253575596765,0.041412784895453636,-0.5365203900709219
2.833418572220127,0.37185489279016987,0.00012678484194168614,-0.7595086119554205
0.07295222965796784,5.8526370399699115,3.9472188455376376e-05,-0.7607351823708207
19.83924455522472,0.1693630915644513,0.0022605761672149323,-0.7571669199594732
595.3761314805449,2.8020651685665534,0.0020596209474191764,-0.6659637791286727
460.12617689251135,0.8015714235227135,0.02016255200278869,-0.6768230749746706
0.16358976230439196,0.09097806734447396,0.0015165039763109902,-0.7400975177304965
114.44357071536501,1.312195507104477,0.0002891687629619402,-0.673693009118541
7.787364345741018,0.1795421242051087,0.003383777218933394,-0.7622764690982777
0.1511042022323285,9.161592029087773,0.024485953076944955,-0.7655236828774064
37.096461932773316,0.04621145333863862,0.008572039403418994,-0.7538861448834853
0.01061658708174314,9.81185612351164,0.09707406381514874,-0.4980357142857143
0.12700993576973638,4.5333615240810605,0.03414757806770062,-0.7666818642350557
0.023231493594364414,2.57531373946756,0.0010529441311345864,-0.73992147922999
0.021820711517311624,0.02221661666461529,5.945816428073221e-05,-0.5
0.11659214750281426,0.3003566952691923,0.047638833801122736,-0.7450696555217832
0.340333047155243,4.709298742002874,0.029757152886297895,-0.7513506838905775
0.0894937453710346,0.9064762222008756,0.0001794527145196176,-0.7531870567375887
0.2349213472472077,1.10371862293394e-05,0.0077566345904642045,-0.5
0.04010606705106432,0.0732869236664699,8.18273294549397e-05,-0.7585669959473151
0.6440062808936375,3.40877044225966,0.013074063240548458,-0.7420497720364743
1.7256489649842015,1.4206785599376337,0.002987848534403835,-0.7697410081053698
4.471435815490866,0.0003536177610837498,0.0007302754217691238,-0.6118313069908814
1.2617036555667525,0.015227387556908438,0.003175932555985928,-0.7391995947315095
10.839999112972317,0.0009440602931057053,1.0115682305441042e-05,-0.7311075227963526
1.9809429163668903,1.528266271960253,0.0002417817502459935,-0.7656262664640324
18.288070878955732,0.035497682417706,0.0010794746929956279,-0.7558554964539006
5.032419704053799,0.5266912361651026,0.0004721266369463085,-0.7673353596757851
154.70114492928542,0.1666451690872764,0.004266765809650661,-0.7530547112462006
0.4808637999011606,6.879883789745753e-05,0.0020463316124048024,-0.5
1.0895585097767666,0.09436598817495304,0.0006776883287446861,-0.7379293313069908
2.6350677887716363,0.004412306219115254,0.01431830836251947,-0.7308345997973658
0.2261257981011207,0.00011596005863717372,0.005483278147237272,-0.5
241.22398518631059,0.01107484722436537,0.0014651730059843035,-0.7548733535967578
36.34384737455969,0.30808094320996354,0.00040748027436382517,-0.7523378926038501
0.06185777704561578,1.7330103988820222e-05,0.00023786308210094507,-0.5
0.975791341496158,1.8909522503415448,9.275346021728396e-05,-0.7697435410334347
1.9345242923211048,0.0010056612424610366,0.0030493481182831982,-0.7435366008105371
0.03373812430566255,0.7247756611849638,0.0014741360075376233,-0.7429293313069909
0.014706945661932537,0.025874262226444768,3.381663395577666e-05,-0.5
7.720109112525113,6.700113314710706,1.0076563701884597e-05,-0.6528337132725429
0.4573428643564476,0.23267203857110655,7.694236842415548e-05,-0.7477406281661599
0.9218252809412132,0.5309407302515011,1.62649457817494e-05,-0.7538810790273557
0.22947349235111916,2.097916434151549,0.00015984882765372957,-0.7725341945288754
0.8827155562012414,0.11989912662795214,4.573981058559955e-05,-0.7452482269503546
26.311734285788887,0.05683287561213736,0.0005721762259014726,-0.7538836119554204
0.09527364703339897,1.0003997713601138,9.819433038286949e-05,-0.7524753039513679
0.01858395893538349,3.337336678037227,0.00018451176878440714,-0.7490463525835865
0.2841936110362722,2.062400601978491,0.00032067690866279165,-0.7795776342451873
0.18545560526543794,5.654083112929964,0.00013332035436783242,-0.7638069908814591
0.055231208755207685,8.413944096688901,5.560043367356466e-05,-0.7470510385005065
0.3133672353877005,2.2076002551953082,0.0003186775853298935,-0.7695801671732523
0.01040643762492487,0.5479684705473968,0.0009477863612756557,-0.7460283687943263
0.03194251378427351,1.1774273309746772,0.0001777315629974748,-0.7506104356636272
0.08098995594257764,0.13156781285946134,2.2320977586991145e-05,-0.7418192755825734
0.4463578187172216,0.33850786960212104,0.0003776495839566995,-0.7568401722391084
0.2478077117581896,9.830187855716217,0.0005672897470760179,-0.7458175025329281
0.052569669794943895,3.9353123575707394,0.0008888334194237153,-0.7573271276595746
0.11053974052151153,2.0676844746356724,0.0002015342204067785,-0.7730034194528876
0.1542913528593581,0.2319172121371621,3.355596816165727e-05,-0.7423068642350558
3.3992088269652587,2.573483231478048,6.291898333238576e-05,-0.7213994427558257
0.11742510823513852,0.03823513939214021,0.0002247840561798833,-0.7397068135764944
0.6286293833785278,0.7008707187630944,0.00015606202172170882,-0.7604882218844985
0.02758091106202723,0.008599275991982465,0.00012025820646853677,-0.5
0.014839566826332634,6.87779667843966,0.00027527212142089397,-0.6902995187436676
0.04172594092484394,1.6833409219952198,0.00010286438361584156,-0.7488272543059777
0.3160082290115845,0.4165884647479061,0.0004519410468764615,-0.7544243920972644
2.607368639188368,0.07792614501974225,6.898071848275034e-05,-0.7422099797365754
5.7788146673546015,0.23016446136025065,4.3773828999937764e-05,-0.7605775075987843
0.06486280635344349,0.0021012026606944587,1.830923661281617e-05,-0.5
1.5383437369058193,0.0036215655263071023,0.0018275118461564734,-0.7412936930091186
11.2192473876891,1.0767710827496382,1.5143940645191335e-05,-0.729906914893617
0.10214510105616548,0.0012780975184352626,0.0012497407152803914,-0.5
0.4002778814060356,0.05681354388107985,2.7182825828921257e-05,-0.7404419959473152
0.14067760683673616,3.014440055298932,0.0003113666699849818,-0.7647049138804458
0.5389181931941557,4.917810884375682,1.2701455572117246e-05,-0.7376621073961499
0.7561513678738789,0.7250846783576852,0.000625619918939298,-0.7674525075987843
0.2566711073531936,0.017164870413493072,5.3095280814130154e-05,-0.7404236322188449
0.189121847129762,0.00016168508664077217,0.00016398877989639362,-0.5
0.019485003162904645,0.0005899072540254815,0.0007846217484968852,-0.5
1.268223317894323,1.4988597117168718,0.0002135236881142278,-0.7697460739614995
2.3216789689569417,2.2258814551186954,0.0025351517816922025,-0.7313177558257344
3.5238197948694134,7.568389056370566,0.004032564801502431,-0.6460530648429584
0.03482478399495193,0.027621421944417288,0.0005129809738153995,-0.5
0.07415330107297842,0.1909362555629986,8.359571263359924e-05,-0.7383194022289766
0.012059337071106105,3.8913358994206,0.01082289205773616,-0.7462531661600809
0.02682523337580169,0.005285525826713575,0.00034585311736371664,-0.5
0.36713480231612944,0.1251019689479493,0.00014220131011568127,-0.7451564083080041
0.04685978546242253,0.9490719488834228,3.64998571216284e-05,-0.749261018237082
0.6591081141231773,0.4762891703541695,2.7521673115424354e-05,-0.7594167933130698
812.3154802918318,0.014645869231939203,0.0012384909595649113,-0.7621156281661601
0.20198551714655094,0.2787567278649908,0.00011076788215637576,-0.7518553698074975
1.3307694566304182,0.591241161798481,0.007126907973910981,-0.7678071175278622
0.10864028351313633,0.3978563531727015,0.00042395267415228153,-0.7482839412360688
0.08048361680369437,2.007175811400744,0.00025393024694453267,-0.7635543313069908
0.8248027772001802,9.772029837565727,0.0001907182628549568,-0.6600886524822693
88.87111350347631,0.09325662948886272,0.000869503103729243,-0.7623480243161094
0.15761717354186558,4.713103923726903,0.0017108926953104376,-0.7679141337386017
6.7387010129901315,1.3674545409871262,1.1727461924439549e-05,-0.7313278875379939
15.025735022336349,0.14306993203468998,0.002259060112547397,-0.7616514690982776
0.01722380539953819,0.05697131930577282,2.174761715120876e-05,-0.5
4.3219467944061325,6.706367576950534e-05,7.361319382092372e-05,-0.5
0.2869050220462593,3.233624105213753,0.01985185962621391,-0.7665343211752786
