hidden_layer_sizes,alpha,learning_rate_init,label
136,0.0003342238345670818,0.0028626498987494755,-0.5
185,1.1183252164853148e-05,0.006299851460770003,-0.4999393939393939
92,0.0009536742642857515,0.00693144219316676,-0.4998787878787879
185,0.0003684727277360911,0.02681600635148956,-0.5
149,0.3770684928850224,0.01722360339668199,-0.5
63,1.1796399536822144,0.033878815950753365,-0.5
136,6.52153593384758,0.00012917521020615357,-0.5
185,6.820528075702032,0.002548143838976146,-0.5
89,0.0034113320437099024,1.134381579966492e-05,-0.4998788612517426
79,0.03218873936869581,0.02779763136223208,-0.5
198,0.4599521035314022,0.0015086309765354954,-0.5
124,1.2824538945597693e-05,5.670375512712323e-05,-0.4999394673123486
184,4.131754553972361,0.004286715246358045,-0.5
185,0.007173645570785136,0.028886136755745605,-0.5
50,0.008190172759595106,0.06478531339830906,-0.5
192,0.00025601579717836527,3.6979288768288266e-05,-0.49993939393939396
100,0.0003693620820161806,0.010413852969984736,-0.5
140,5.22250738234114,1.1883711198451027e-05,-0.4998787878787879
136,0.0012263750635963726,0.0005433231730008251,-0.5
131,0.02088757522112859,1.2373280783432539e-05,-0.49993939393939396
113,0.0001405603560753046,0.0007637763017871191,-0.500074294205052
162,5.7020697296939346e-05,0.00044775483950801104,-0.5
161,0.0017384920402895765,0.0002295451274968541,-0.5
113,4.57725784533117e-05,0.0005994758155591517,-0.500074294205052
119,5.6175201995274474e-05,0.0008355281762089661,-0.49993939393939396
111,3.932916263086458e-05,0.00021041416635748524,-0.49993939393939396
111,2.4820588443977413e-05,0.0013766731864985025,-0.49993939393939396
73,0.00011797575042053278,8.495268217917838e-05,-0.5
103,0.00014290763476657983,2.5306251661254435e-05,-0.5
151,0.0703233706644609,0.00028014885363283616,-0.4998788612517426
116,1.4506541092785642e-05,0.002398491067357567,-0.5
93,0.0006702816819316446,0.0007982337105120515,-0.5
80,0.0029758552884408263,0.005023449378398371,-0.49993939393939396
57,0.00016406259414771982,0.00012334503934182002,-0.5
164,0.0006848273090986544,0.009466229967064758,-0.4999393939393939
149,1.0637570228153187e-05,0.0003960589627309417,-0.5
72,0.1150854942457571,0.0019674670427741567,-0.5
101,2.612324996189542e-05,0.0034546249123683093,-0.4999393939393939
172,6.668488552282058e-05,0.08637564600148323,-0.4999530820838399
129,0.00038937353356761613,0.014055958615798569,-0.4999393939393939
86,0.0036887859914360383,0.0001230495358359759,-0.5
144,2.1629951466423402e-05,0.0012394291440998614,-0.49993939393939396
108,0.02139989837113268,2.5534936934414096e-05,-0.500013688144446
121,2.12452145338279,0.0007179859764835094,-0.5
94,8.054694853848351e-05,0.006824520602119947,-0.4999393939393939
68,0.00023222915027567998,5.413797548862194e-05,-0.5002313160281638
82,0.0017324981489865387,0.0018455865485704414,-0.5
128,1.0495224272739813e-05,0.00027359964130734915,-0.5
61,0.005318263937256492,5.0461353538413975e-05,-0.49993939393939396
54,0.3313938715657876,2.185069646802673e-05,-0.5
71,0.0005049961351724346,6.445804292435099e-05,-0.4999394673123486
65,0.000257152992896618,0.0001858385335375732,-0.49993939393939396
96,0.0010144938595759076,1.7449856762720904e-05,-0.4998787878787879
88,0.0504523155846097,0.04991721142658757,-0.5
51,0.01621993604887696,0.01927652643256373,-0.5
178,0.01009071534208425,3.66070379951669e-05,-0.5
199,0.00011436642067895232,8.169012091914114e-05,-0.5
66,0.0002090059382661524,0.00037398620885739317,-0.4999393939393939
135,0.0017540252287429241,0.00015246427485945615,-0.5
158,0.2344938370687046,0.0010396640949925106,-0.5
107,3.368457392875224e-05,0.0005767648540278878,-0.49993939393939396
76,0.6687030201979076,3.666222577294793e-05,-0.5
123,9.080693547624342e-05,9.244854615904444e-05,-0.5
85,1.665332338098105e-05,1.4324049330823626e-05,-0.5
59,0.0007446298551565629,0.0032728692261539227,-0.5
114,0.00031748751814917974,0.005166974833070959,-0.5
142,3.812666354812837e-05,0.00032424648442454793,-0.5
97,5.639568774491516e-05,0.0004642528257282985,-0.49993939393939396
104,0.00019044927745782937,0.000950201600591602,-0.5
119,0.002780355595398339,0.0006788936764902452,-0.49993939393939396
153,1.6162004452786222e-05,0.002568946383076772,-0.5
168,0.00044071384441219855,0.0017541333585585365,-0.5
125,0.001248569388219191,0.010689140629454,-0.4999393939393939
135,4.7320453138434884e-05,0.00016185535318318466,-0.5
91,0.00011348804798854099,1.0004144034124023e-05,-0.5
115,2.999710899484803e-05,0.00025555326601559426,-0.5
194,0.004730281516903546,0.00011106915251295161,-0.5
100,0.00025580561875664164,0.0012399388623994287,-0.49993939393939396
146,8.113817506600909e-05,4.864465768565273e-05,-0.49993939393939396
78,2.0266495242456313e-05,0.003795204392164904,-0.5
109,0.002270978430619382,0.0005452340221896053,-0.4999394673123486
68,0.009005526720099275,6.309523017395531e-05,-0.4999393939393939
132,1.01095799968381e-05,0.00020705214639391297,-0.500074294205052
105,0.0005326523351660539,0.0021732283779910943,-0.5000136881444459
182,1.318525556423116e-05,2.6553732055014638e-05,-0.4999393939393939
131,4.752042017010962e-05,9.808883701192497e-05,-0.49993939393939396
156,0.014117849032142544,0.0004414309826662076,-0.5
140,9.2997633536841,0.00015293718830459367,-0.4998787878787879
147,0.0009076576760991787,0.00020898271451480282,-0.5
167,0.0348932816159892,6.981167634124522e-05,-0.5000137615174006
139,2.1344571647307958e-05,4.515780145075939e-05,-0.500074294205052
127,0.00014369725005970371,0.00033295659038989726,-0.49993939393939396
174,1.1950971383781594e-05,3.4229044412189225e-05,-0.5
138,0.0003273935398343789,1.761619688022661e-05,-0.5
82,0.0013472019392096648,0.03587274614888776,-0.5
159,0.0053958440531471745,1.4842608554101774e-05,-0.5
188,2.755676313589989e-05,4.4135680649339656e-05,-0.5
75,0.0006564204957689945,0.0010279942220067257,-0.5
133,6.720052606878584e-05,3.1517632990770866e-05,-0.49993939393939396
118,9.159083779999226e-05,0.001495813516433915,-0.4998789346246973
164,0.0943172535934633,1.1030784511038612e-05,-0.5
111,4.152498700084096e-05,7.689017257369098e-05,-0.49993939393939396
151,1.7288772247090532e-05,0.00017961967478629406,-0.4998788612517426
155,2.2646362403062254e-05,4.609722344029653e-05,-0.5
52,0.003880007929560382,0.014708458819415187,-0.5
98,0.00023522787652688158,0.009198619364861904,-0.5
89,1.697138113424808,0.00499402689250305,-0.5
93,0.00016649424179498017,0.0006297088010746049,-0.5
121,1.0000848020196832e-05,0.00013336571427843358,-0.5
56,0.19233677080410297,0.0008435950006792503,-0.4999393939393939
125,0.002242435472745041,0.00022183293714386749,-0.5
83,0.0070271022711493065,0.00279249634670288,-0.5
144,0.0001306477634732822,0.00029902463908537284,-0.49993939393939396
102,6.317521891786332e-05,1.9910034234981655e-05,-0.4998925493961886
61,3.4588143356198645e-05,0.00010480618794107729,-0.4998788612517426
173,0.0008901666242097916,5.8397838763461e-05,-0.4999394673123486
70,0.00046299377694419803,0.09163884201862756,-0.5
107,3.350164828285165,0.0003897787169889581,-0.4998787878787879
112,0.03710051062732532,2.88667589560635e-05,-0.5
129,0.0003046756509442264,0.00013916304164076309,-0.4999393939393939
173,3.3238650240672216,0.002573998604140682,-0.5
64,0.00017261925644675554,0.016511879540363032,-0.4999393939393939
113,0.0009093293185071,0.07697267996983423,-0.5
98,0.0005037825027531338,0.00023911384351301708,-0.5
97,0.247995808174375,1.661884591249113e-05,-0.4998788612517426
66,0.9053133562233056,0.0013574688555642294,-0.5
53,0.00149809453834609,1.384079189096189e-05,-0.4999394673123486
64,1.4933513227767774e-05,3.023816876314876e-05,-0.4999393939393939
114,0.00010451783734592064,0.0018669671857916288,-0.49993939393939396
156,0.0011621402687423698,0.007691387989352013,-0.4999393939393939
85,6.7631153470881e-05,2.3963264318373494e-05,-0.5
158,0.02739509139781311,3.3031100643657073e-05,-0.5
123,0.002545339068485018,6.811046244544359e-05,-0.5
184,0.05472569558231502,0.0005052435068457941,-0.5
115,0.0069356188344807,0.00018159545911133277,-0.5
58,0.05857725734766304,0.01671431262726388,-0.4999393939393939
58,0.035934440011520144,0.02060948331064808,-0.4999393939393939
140,0.0011466917552301569,0.001398108873289556,-0.5
86,1.849220967811278,9.909483348203725e-05,-0.5
77,2.2727426967731117e-05,0.004879460547952085,-0.5
149,9.684374594065584,0.0005663216872307997,-0.5
192,9.885433355168926,0.00010576560814205504,-0.49993939393939396
174,1.16637848980879e-05,0.004289070407304092,-0.5
174,2.1560856746494927,0.0982488508921778,-0.5
145,6.978776672649069,0.0006574399429408093,-0.5
198,0.1318547717057467,0.0049128399440101726,-0.5
179,2.702039949067452,0.08798806918295479,-0.5
167,0.6064591586291341,0.034811939538488705,-0.5
200,0.20558961678299045,0.00317222214380548,-0.5
136,3.847828995858283,0.045658748585955214,-0.5
164,0.594083886567105,0.03773522566995943,-0.5
73,0.0003636836729893457,0.008288989619543479,-0.4999393939393939
187,0.00604848440544035,0.00028500273980107475,-0.500074294205052
174,0.018531999473251674,0.0026468902222517104,-0.5
135,0.8931829969020467,0.008681004388649523,-0.5
163,0.4653918263942083,0.042888896196086886,-0.5
190,0.005922379026333429,0.0008508321879684597,-0.5
188,0.00033977434316664445,0.00034221035140614346,-0.5
101,0.0042904505958744465,0.00036619063271749414,-0.5
152,0.012665223203417222,0.00017589701546986725,-0.5
126,5.6517259645332484e-05,4.700451969799408e-05,-0.5
199,0.0025560101584672147,1.040034975748817e-05,-0.4999394673123486
105,0.0005587615734093634,0.001031187996496447,-0.5000136881444459
181,0.07395674953733385,0.001780654161058664,-0.5
96,0.0006143887738414026,0.0010751481096824254,-0.4998787878787879
106,0.00018675690821306598,0.00024047489409041495,-0.500013688144446
126,3.43922964117576e-05,1.9385267876988486e-05,-0.5
88,0.0001630761533585777,5.5271357910033763e-05,-0.4999393939393939
117,0.0023324659717877077,0.0001532171241398511,-0.5
107,0.00018158147118705223,0.00025257940859762016,-0.4998787878787879
91,0.00011279532635092337,9.148076777181169e-05,-0.49993939393939396
78,0.009261080239607472,3.564706373672613e-05,-0.5
119,0.0019391238984411737,0.0003739177246500878,-0.49993939393939396
109,1.9643213939084935e-05,1.0298562389009706e-05,-0.5078888858793803
131,4.5181571520429384e-05,8.035777925751332e-05,-0.49993939393939396
70,0.004189245815435237,0.00013375072122459347,-0.500013688144446
144,1.1303805249489376e-05,1.0612943297150968e-05,-0.5
110,1.8303922026769822e-05,2.437347595062795e-05,-0.5
52,0.09704364893438204,1.548513956134773e-05,-0.4998788612517426
80,0.03237488057572125,4.472601333418297e-05,-0.5
157,2.5676981138278535e-05,1.2857515109608916e-05,-0.5
63,0.0009747219989410793,0.0261330692445727,-0.5
96,0.30710482252465954,0.014183826337943097,-0.5
169,0.015840434338213805,2.3524110774262674e-05,-0.5
122,5.318182362024015,0.0017209978535538339,-0.5
72,0.023034162668902663,0.00012862897122893803,-0.4998787878787879
59,0.003649842559208704,0.0007114982665485084,-0.5
102,9.914741460721892e-05,0.00020331391374407107,-0.500013688144446
112,7.150834923760514e-05,0.00045780727016820906,-0.5
101,9.925281832211012e-05,6.969984907386455e-05,-0.4999531554567945
93,0.0003040920396464667,0.00029263724123650185,-0.5
83,0.000677423180657079,0.0002006415394534612,-0.5
129,1.9551766027509226e-05,0.0024172705161031576,-0.4999393939393939
140,1.1104159226425408e-05,0.000489476467335901,-0.5
134,0.000237610946137562,0.0013457168139308945,-0.4999393939393939
150,0.007037834714567534,0.06372533401186932,-0.5
120,0.0016189180304682427,0.0007459058622620872,-0.5
108,3.9396743388039894e-05,0.00010887107160956723,-0.500074294205052
114,0.04624913046084282,0.0037696934872307494,-0.5
102,0.00011133351698425095,5.656501296323269e-05,-0.4999531554567946
160,1.1251631517993943,2.934386436974972e-05,-0.5
141,2.796065996408363e-05,0.006408644020524467,-0.4999393939393939
109,0.1294689459149111,0.00011955921366450945,-0.4998788612517426
87,3.78250852680231e-05,3.947673923804905e-05,-0.5
153,0.0004270526729540041,1.7381258180394424e-05,-0.5
195,1.5514053065969432e-05,8.649189748069837e-05,-0.5
131,6.212966674507086e-05,6.000234755717453e-05,-0.49993939393939396
123,0.0012703779751491939,0.0005503083375720583,-0.5
116,0.0008679479979055116,0.00015520767330228562,-0.5
92,1.474814769262469e-05,0.00028740682915361315,-0.49993939393939396
147,0.00013926762505349463,1.1543895219897776e-05,-0.5
185,0.00026626097055034993,2.70655088552869e-05,-0.5
68,0.2215357861332235,0.0004332108934263999,-0.5
84,4.5452313306742405e-05,2.1397596825049846e-05,-0.5
98,0.000744055412078033,0.00010835573001196012,-0.5
137,0.011347754877623184,0.0023060842292972976,-0.49993939393939396
77,0.0005237551964500617,0.0012249864239979214,-0.5
90,6.912144585708083e-05,0.0009121024837521652,-0.5
126,0.0029047826380692475,4.845298774797123e-05,-0.5
179,1.4252315195532077,1.515007182726605e-05,-0.49958682374093705
171,1.0248764916383555e-05,0.01103060405664006,-0.5
104,0.006964737316927392,7.688762658974522e-05,-0.4999393939393939
166,0.06965593473043258,0.0005997485751135713,-0.5
81,2.8346851425727325e-05,3.3163739124728965e-05,-0.5
63,0.00021585078985106632,0.00021970891136717795,-0.49993939393939396
109,0.00041709881682390915,0.00017191912407275758,-0.4999394673123486
143,0.001572105152726819,0.0017283221412574227,-0.4998788612517425
98,0.4207210257518309,0.00036390232333665735,-0.5000137615174006
120,0.021645290023723236,0.0002984185107329264,-0.5
74,0.00014328768488600606,3.980068220126569e-05,-0.4999394673123486
94,0.040890948723112365,0.005746531951679093,-0.4999393939393939
128,3.831641259141404,0.0028993387813215387,-0.5
56,0.015540420410485513,0.00350665180881041,-0.4999393939393939
113,0.005167499311947048,6.576133643438859e-05,-0.5
117,8.42267106132415e-05,0.0007844618298999953,-0.5
137,3.748263938159216e-05,9.146591281762875e-05,-0.4998788612517426
161,0.0031701369393387557,0.00013172011573272464,-0.5
155,0.17543683412621575,1.3323478644845455e-05,-0.500013688144446
123,5.390228380987348e-05,0.000414489744221166,-0.5
131,1.3723097098038554e-05,1.8370747588367475e-05,-0.49993939393939396
138,0.0011702967588388205,0.0005571798511938692,-0.5
79,1.0267396094553527,1.655904081699086e-05,-0.5000137615174006
169,0.0006326240430141799,0.03300449590373615,-0.5
116,2.274755195439896,4.367440000841397e-05,-0.5
84,1.2067441196296755,0.0014310541546077886,-0.4999393939393939
106,0.00017477085873820458,7.415920802061682e-05,-0.500013688144446
112,3.2206122449950315e-05,0.0002647653571847814,-0.5
190,0.00026049898696720866,0.008818059484907059,-0.5
54,2.0478084925001965,0.00028929446300304665,-0.4999393939393939
185,0.0006742446926536798,8.892284457724138e-05,-0.5
195,8.409454305233924,0.029000971735132323,-0.5
157,0.007393051306101398,0.0031667016368098237,-0.5
166,0.00027220517911787773,6.707259000738905e-05,-0.5
68,3.467804523439439,0.09541168193133616,-0.5
111,0.025723328204536426,0.02154565492683803,-0.5
157,2.5331662597320705e-05,0.001106510155284308,-0.5
190,0.01761793127153491,5.852743164064797e-05,-0.5000137615174006
154,1.0293637382664549,0.0001609905016303951,-0.5
95,0.017297352961462592,0.09851086649106447,-0.5
181,2.0774282842142178,2.127849361818177e-05,-0.4999531554567946
132,0.18769440558332307,1.0111511806131052e-05,-0.5
70,0.1644806729572907,1.021224081890489e-05,-0.5025424550375329
51,0.16682123840340785,2.826401225240832e-05,-0.5
87,0.003403386173023786,1.828990302985406e-05,-0.5
68,0.25303516800007936,1.0190796624249196e-05,-0.4998598342299988
73,0.059894285109740736,1.2717826928402642e-05,-0.5
60,0.4529578086276882,3.0292404658212995e-05,-0.4999394673123486
95,0.06267207962838481,0.00015401197964000718,-0.4999394673123486
78,7.668212967730301,0.00043994246686564073,-0.5
124,0.5305795497429437,0.0006959954621812553,-0.4999394673123486
97,0.0636907115820957,0.00292285089366772,-0.49993939393939396
62,0.00570321923286713,0.000143003426219428,-0.49993939393939396
82,0.0018162287973875887,1.3260511183921405e-05,-0.500060606060606
148,0.02813092212417952,4.6861657459850766e-05,-0.4998788612517425
136,7.860700269224206e-05,3.9422334962022085e-05,-0.5
101,0.7214966121429742,0.002011563319815639,-0.5
86,0.0031112160697942264,0.005767680909699495,-0.5000136881444459
57,0.0011372373517570904,1.7575474425341362e-05,-0.5
79,1.0780631328321215e-05,1.0143802424080548e-05,-0.500074294205052
122,0.0018025262934234687,0.0001093277596753194,-0.5000137615174006
51,1.2193294962175173e-05,0.0002649825442081145,-0.5
74,9.858785389694368e-05,0.0004162808037618172,-0.4999394673123486
107,0.0005683344062471903,0.057119998619407066,-0.5
88,0.09711874070748944,0.011665723117361445,-0.5
65,2.353664377210047e-05,0.0006773018041885122,-0.49993939393939396
117,4.238013541647013,2.7128642440151582e-05,-0.5
142,1.2117606829792895e-05,8.505365076519691e-05,-0.500074294205052
130,0.3295181029580666,0.00021003435733303935,-0.5
142,0.011051194805374491,7.364886188612108e-05,-0.500074294205052
103,1.4689397748061763,4.223984870847676e-05,-0.4998925493961886
115,0.00025261845675483244,0.0013209841871858962,-0.5
174,0.033538090707307004,9.461212920713277e-05,-0.5
198,0.015031680847335688,5.282439634282053e-05,-0.5
92,0.11738602648227585,1.0504536204440573e-05,-0.5
73,4.938186326810116e-05,2.277762730540185e-05,-0.5
56,4.387612552571408,0.011899328714242971,-0.5
164,0.006865644827157018,6.491548318245047e-05,-0.5
147,0.012639632380649576,0.00019829271065446096,-0.5
78,0.004090344887776092,1.5559503094623803e-05,-0.5
176,0.0003710210711404161,0.000405785863875619,-0.5
153,9.884873790306461,0.00010393024460360034,-0.5
162,0.19929522517384732,0.0009803449078940674,-0.5
129,0.00866620606683452,3.410111057047765e-05,-0.5
137,0.039350785164749436,0.005292141536181264,-0.4998788612517426
171,0.0009788924809458381,0.00013379655477173072,-0.5
109,0.00015457331872031373,1.0241255023845394e-05,-0.5120459558773426
144,1.1373948268504277e-05,2.228390888489048e-05,-0.5
141,0.1074633981235303,6.552568647786245e-05,-0.5
120,0.0020054442736317122,1.4025114489303382e-05,-0.5
113,0.00016546664275632998,3.343733383243788e-05,-0.5
82,1.875233097247656e-05,1.0294252598588568e-05,-0.500060606060606
108,8.190957972108314e-05,1.9833652718403908e-05,-0.500013688144446
91,4.223714220575204e-05,1.0070255406806873e-05,-0.5
100,0.0005446941278348711,1.2755991804280182e-05,-0.5012917778299638
67,0.00011773810258419712,0.03531720026498028,-0.5
76,4.345738655876011e-05,2.6845377167069628e-05,-0.5
99,0.000585519057193794,1.4885153666790381e-05,-0.4998925493961886
109,0.0003785695068795068,5.045454567490687e-05,-0.4998788612517426
125,0.00016930936137059794,0.00019082216316892382,-0.5
105,0.0008288116559449027,1.8012004079598353e-05,-0.4999531554567945
94,0.023485924734662964,1.2455986979671389e-05,-0.4999393939393939
62,0.7451282066866316,0.002061924183131294,-0.5
70,0.0026774365210789595,0.00033947809667114336,-0.500013688144446
84,0.0003785391564886392,3.316297433552531e-05,-0.5
90,0.0013971591421997505,0.00012100427137247929,-0.5
100,0.005196577294253017,2.4808462886403853e-05,-0.4999531554567946
134,0.3127648090856843,1.2507251552278594e-05,-0.5
52,1.4280143783820682,4.284222731517104e-05,-0.4998788612517426
120,0.00026748254955795463,0.0007129943613796705,-0.5
81,0.05074272379307712,0.0821369502044684,-0.5
126,7.046641456196546e-05,8.601011279306876e-05,-0.5
103,0.0001191882352597354,5.508757136920258e-05,-0.5000136881444459
117,1.7810930481915507e-05,0.0002426260040907505,-0.5
96,0.07854880753201621,0.00016711105892432452,-0.49993939393939396
111,2.8233614607948962e-05,0.004827067628191735,-0.5
59,0.0007296575727515535,0.0005348655072282293,-0.5
70,0.14173394216340562,0.0003170290044958287,-0.500013688144446
87,6.023363534589483,1.8264303259302764e-05,-0.5
65,0.002351284053743541,0.015828984306228075,-0.5
104,0.0014700328487070474,3.797024097603753e-05,-0.4999393939393939
128,0.00044048135568480734,0.003416450667579012,-0.5166098438990387
84,0.021681452483797936,1.1361351977811455e-05,-0.5
113,0.004197825037899239,8.0492794497786e-05,-0.5
133,2.2202157310869195,3.0065227182780842e-05,-0.49993939393939396
159,0.00020719820382765743,0.006668337555602684,-0.5
183,0.016432188885415134,0.0020936024711082613,-0.5
154,0.7251389135891741,0.003670483676155969,-0.5
148,0.03758500211095895,0.008517833417118715,-0.5
129,0.4801418586143428,0.021159070805660502,-0.5
139,0.008499268361970283,0.002946044874666546,-0.500074294205052
145,0.2174771870250224,0.0015797828170978224,-0.5
188,0.0010236049101929618,0.02616473149087655,-0.5
122,5.5395073781724586e-05,0.0008863067666082841,-0.4998788612517425
178,3.3919386497383955e-05,0.003677931424612604,-0.5
167,0.00044385314935599786,0.01135132352310867,-0.5
149,0.011518164400839937,0.007478684878475594,-0.4999393939393939
152,0.049462771540240015,0.04101259093209314,-0.5
158,0.00012583625880887686,0.0015521975128382707,-0.5
126,0.0034838063640642413,0.046085813615655766,-0.5
116,3.6243322970803664,0.016133523874579864,-0.5
84,0.0010460354464860982,0.07952109550619664,-0.5
180,0.32076274858128423,0.00033142149322846137,-0.5
97,0.42240816791032737,0.00018226404547611418,-0.49993939393939396
102,0.0007163570164095702,0.06862395848887112,-0.5
130,0.00023495233522575497,0.0712379144749216,-0.5
67,0.0006061755854317368,9.374777307590125e-05,-0.5
68,6.589001509941549,3.3441684929326404e-05,-0.5000136881444459
83,0.00034678806201581485,1.1003226863475237e-05,-0.5
79,0.0002531908522958572,0.0004999765605428292,-0.5
179,0.1270629237891456,0.0069529866025824045,-0.49993939393939396
63,8.240333017184656e-05,0.026280963399497863,-0.5
97,0.07388083364139171,0.0500608437146261,-0.5
181,1.6271173568748845e-05,0.006028947491957509,-0.5
128,0.00560571003517785,0.0005158109019450894,-0.4998787878787879
133,1.4903212571057,5.7758431098523746e-05,-0.49993939393939396
126,4.5843190183104984e-05,0.004297024976794211,-0.5018348970944311
111,0.03513252917377155,0.00023268009950307755,-0.49993939393939396
52,0.057863312552658176,0.04075936710031924,-0.5
79,0.0017497062114252367,0.00016753311442768435,-0.500074294205052
110,0.06362083385537214,0.07435168639068393,-0.5
152,1.0566479652504969e-05,0.0025230838895438823,-0.5
146,0.003779143869961585,0.0010340691004548414,-0.49993939393939396
149,5.825387458515498e-05,0.0014610958369051614,-0.5
169,0.0024103452104741355,0.014465166412281247,-0.5
120,0.013467382935076572,0.0030172051138951266,-0.5
165,3.4312889263594456e-05,1.2580977331196041e-05,-0.500074294205052
53,0.014595108783960791,2.55146701758066e-05,-0.5
140,8.657058527218866e-05,0.0001196819588952955,-0.4998787878787879
200,2.652827374113533e-05,0.011516384280454027,-0.5
116,0.0016198042048941547,0.002063521917726948,-0.5
86,0.0010384708963044023,0.0006243269118184037,-0.4999393939393939
160,3.5755277130521384e-05,0.006174526003484415,-0.4999393939393939
189,0.00013356934279131792,1.7131592717948042e-05,-0.5
91,0.0066083580783609115,5.358403681714431e-05,-0.49993939393939396
102,0.00045074398860704695,0.00020151423618656854,-0.500013688144446
162,1.0049694613200493e-05,0.004294504708363159,-0.5
139,3.105437380721562e-05,0.013339206233646036,-0.5
75,0.5786049234916235,0.0009988047044896798,-0.5
60,0.0001843818686886642,0.00031044201510560483,-0.5000137615174006
192,5.549530130602619,0.02410040474721977,-0.5
75,0.0007164111237696168,0.0007492620264724394,-0.5
124,0.21095451798554127,0.0001555835243984415,-0.4999394673123486
104,0.028792678588692017,8.736433648948315e-05,-0.4999393939393939
171,1.2294255113908935e-05,1.03909474978146e-05,-0.4999393939393939
94,0.002174066520569336,0.00035489417152090915,-0.4999393939393939
85,0.0011298197367077707,0.0015785361535038,-0.5000136881444459
133,0.0001237648080324625,5.700538640331696e-05,-0.49993939393939396
111,0.0002338513273699165,0.0003627030073477208,-0.49993939393939396
160,1.9592370012321e-05,0.009452126783573937,-0.4999393939393939
182,5.754689563152041e-05,0.02350324384181989,-0.5
173,0.00039347687493873087,0.0546146987624603,-0.5
154,4.521673686549934e-05,0.0039069729357275726,-0.5
145,1.931637301242568e-05,1.6921242746819234e-05,-0.4999531554567945
67,0.005346737712197303,3.681259692370379e-05,-0.5
104,0.9453156135125971,8.066781526373902e-05,-0.5000136881444459
198,3.161519608329898,0.03530594279701048,-0.5
118,0.11376974174248213,0.0012631703969803994,-0.5
124,0.030425356976564483,0.00014152226840376234,-0.4999394673123486
79,0.009471251430825748,0.0020864173238475067,-0.5
137,0.0006133446177954022,0.0002628334434262668,-0.5
176,9.968869179025578e-05,0.09631477160324887,-0.4999393939393939
186,6.653117405817929e-05,0.0078226470776946,-0.5076736158649989
166,0.0002625667205966408,0.0034202192888219533,-0.5
130,0.003484117939774047,0.017763193479544092,-0.4999393939393939
187,0.00016990123665654356,0.00907924370577048,-0.4999530820838399
195,5.236088991531722e-05,0.0074303731424126265,-0.4999393939393939
155,1.2183340074729758e-05,0.004931761348346238,-0.5068162328490718
57,0.001050914314409387,0.000539394652388493,-0.5
155,1.1851361832922152e-05,0.005878906329395386,-0.5005750605326876
146,7.819260886869621e-05,0.0047177038931376855,-0.5
179,2.462712828953214e-05,0.0028116150659056784,-0.5
184,0.0003117193934609627,0.01693259230742347,-0.4999393939393939
135,1.5978270806650252e-05,0.03578055867744432,-0.5
151,1.0105739292595072e-05,0.002186125349413386,-0.4998788612517426
143,4.028895022671301e-05,0.0008453539051621968,-0.4998788612517425
156,7.619756723311801e-05,0.005125739005313827,-0.4999393939393939
115,0.0001375892900467079,0.008486288801472735,-0.5
167,0.0005027441416720428,0.011546569993978009,-0.5
126,2.5593055148069895e-05,0.05078305799508216,-0.5
174,1.4237520610522036e-05,0.0017855744964738434,-0.5
107,0.0001857079141107505,0.018018653182299626,-0.5
158,0.017598029143191158,0.0011207656879119912,-0.5
99,0.000814600579205122,0.003667181394005151,-0.5
149,0.0015055799718750806,0.03026243169991341,-0.5
131,0.0035672343758296893,0.09730521500057226,-0.5
140,0.00010240476073687004,0.00044042290979469465,-0.5
163,6.707293742978207e-05,0.02133959832587545,-0.5
189,3.7524886283764906e-05,0.01195152266848212,-0.4999393939393939
177,1.9709224217973348e-05,0.006421890020015196,-0.5
169,0.0022349934941246407,0.07332943909043006,-0.5
121,0.0004895021725498126,0.0025562712266918625,-0.5
89,0.21276294324194747,0.0014430987596588485,-0.5
114,0.00033220090192162587,0.005198440688251225,-0.5
184,2.813608679997187e-05,0.0008334097916366223,-0.5
194,0.04686556849586895,0.059138461440332024,-0.5
143,0.00022555149615278468,0.002890086429327837,-0.4998788612517425
122,0.009227747734873072,0.04145147076673958,-0.5
197,0.0001356301659049364,0.01404984884534965,-0.5
200,4.798805654297746e-05,0.0078967207553084,-0.5
108,1.0012334300766716e-05,0.0018816864015536961,-0.4999530820838399
150,0.020497039099195088,0.0038983280406022056,-0.4999394673123486
128,0.0008963088854071256,0.0006380517273534054,-0.4998787878787879
136,8.613527129706661,0.009707471431408096,-0.5
158,3.1304816331430043,0.026991433314861937,-0.5
190,0.005507456370253302,0.0102496732776461,-0.5
171,0.0014270481299590312,0.001283325460439433,-0.5
96,0.002855681507080432,0.02074018401854974,-0.4998787878787879
164,0.00010024628103348892,0.01569078492380058,-0.5
133,1.5878488283579212e-05,0.0031948379624014227,-0.49993939393939396
153,0.0006293660396421588,0.00462736008614315,-0.5
147,6.0681890055149257e-05,0.002420711554698129,-0.5
181,0.41279750731759657,0.006822100391457773,-0.5
141,2.3103709091660385e-05,0.00045677161258364816,-0.5
117,0.007472400768156153,0.04158657900735583,-0.5
161,0.08890019108103267,0.00020319198738474067,-0.5
184,3.320698079726508e-05,0.001584793500660875,-0.5
175,0.00018409185944945518,0.000258221258656737,-0.49993939393939396
170,1.2190283937167705e-05,0.000931571573534882,-0.5
128,0.0002954244820382262,0.005354830362870365,-0.5008725328343971
100,0.779449387709893,0.08304499361610802,-0.5
102,4.119130486038698,0.0025152685088453627,-0.5
59,0.06210802192019155,0.03344132472284698,-0.5
78,0.00012240912176094906,0.018792171653024332,-0.5
193,0.002480335478822422,0.04450652616493106,-0.5
170,0.06559088375458523,0.0009554813375315293,-0.5
187,0.00015124005105496591,2.0810807484137995e-05,-0.5
121,0.0003950301431121785,0.028394238464870068,-0.5
95,0.034060155786289945,0.017862996902461153,-0.5
95,5.4479652343952793e-05,0.015858532117623475,-0.5
191,0.0037947001069500563,0.00014379240009578515,-0.4998182551911365
58,0.01428282570037066,8.6448998649141e-05,-0.500074294205052
134,0.002517775917817997,2.0048085673732352e-05,-0.5
153,0.9590563748371544,0.0010172936248046896,-0.5
170,1.5168034695691406e-05,6.387757355009942e-05,-0.5
70,0.702522854498219,1.3172048198133873e-05,-0.5136651132764491
200,0.0003951899971320583,6.438113709319246e-05,-0.5
50,0.0011078326309302566,0.0012666663878475731,-0.4999394673123486
185,0.2543966620199566,0.00027314329276668616,-0.5
78,0.0016902078092790069,0.00011528555303771509,-0.5
195,3.399117317538572,0.00017793828547943148,-0.5
66,0.4617624463026545,1.16958401879761e-05,-0.5
74,0.014065877021575673,1.0124385709075715e-05,-0.4999394673123486
56,0.13180867652216444,3.515069070792581e-05,-0.4999531554567945
109,1.8004696632797006,0.000378060041880907,-0.4999394673123486
87,8.562452905969751,3.637845585742249e-05,-0.5
51,0.01265204853410444,0.0043010042487553225,-0.5
132,0.6507071407750861,0.00041948446895361213,-0.500074294205052
68,0.02559299194290253,0.09476359551181528,-0.5
139,9.663417996665501,0.005379844865806296,-0.5
112,0.6106790668762367,0.0004897123872812782,-0.5
148,3.108526870280892,0.003459789987843553,-0.5
122,0.1823715859277872,0.00203886772418496,-0.4999393939393939
161,1.430218131383695,0.0088386631384038,-0.5
133,0.0742744360280411,0.0006440877130900301,-0.49993939393939396
111,4.823657419251736,0.00024954862444185184,-0.49993939393939396
178,0.0052240957823464045,0.0021243408489954392,-0.5
99,0.36791443816414027,1.601182438394103e-05,-0.4998925493961886
85,0.06342673278603904,0.06138217516217516,-0.5
146,0.11385592631497317,0.007820903579248974,-0.5
127,0.03786657914144136,0.0014638469829215085,-0.4998787878787879
105,0.6733218625158879,3.0558140092302506e-05,-0.4999531554567945
64,0.0006608278609529264,7.631046682984825e-05,-0.4999393939393939
57,5.285894949686517e-05,0.00010832218284129492,-0.5
116,0.00635497412473961,0.027512041733043887,-0.5
91,0.0220951774832583,2.294457881948105e-05,-0.49993939393939396
160,1.985533164300771,4.736974325421747e-05,-0.5
130,5.785409123489883,0.0006645097682905918,-0.5
138,1.1253473305748,0.00016887314515090325,-0.5
103,0.25773261679003684,1.4871217182573495e-05,-0.5
171,0.0001601274887458931,0.011460050068706349,-0.5
161,2.257695922176716,0.00024231884388944679,-0.5
116,0.7240734077329722,0.0008301697010200523,-0.5
81,2.6919755852382915e-05,9.356447198997453e-05,-0.5
73,0.03923699695685815,5.3605539566900565e-05,-0.5
97,0.3494313057352924,0.00039543777572249785,-0.49993939393939396
60,0.0012103470523944114,2.6350318563485375e-05,-0.4999394673123486
141,7.732522051751077,0.0014278861377538495,-0.5
120,0.12724350009557758,1.0991985911695681e-05,-0.5
154,0.0068397315204979815,0.03890323891202911,-0.5
91,0.002343759464750629,0.002636559716017569,-0.5
185,3.0175253951233683,0.02181956900484823,-0.5
126,0.08335506137440588,4.193021037362732e-05,-0.5
154,0.21005962543343035,0.00015024612218024786,-0.5
170,0.02309365678505567,0.005727511713524279,-0.5
52,0.0002633924328007804,1.6177430423959242e-05,-0.4998788612517426
71,1.1883825347553694,0.00021349942496639047,-0.4999394673123486
63,0.0034370564593935032,7.69906090759231e-05,-0.49993939393939396
80,0.4669771635854617,0.00031322976555265387,-0.5
51,0.010832026227844705,0.0001186595655100366,-0.5
106,0.05555007795752969,0.00046213598458487334,-0.500013688144446
87,0.01663495300506671,0.0006059455966569857,-0.5
69,0.0005643712204367367,0.0010745975887733754,-0.5
147,4.122564828576266,1.997980055589004e-05,-0.5
54,0.14554854432488107,6.385129398724219e-05,-0.5000136881444459
76,6.4469711403051795,0.00012146509438699326,-0.5
135,0.052965141143348535,3.211947879619936e-05,-0.5018271837625651
135,0.7980355796821582,3.620952306488963e-05,-0.4998182551911365
178,0.047138642178361216,1.4413594595831079e-05,-0.5
142,0.0916814228398794,1.146544383826242e-05,-0.500074294205052
130,0.31565414130309793,2.3531632220641e-05,-0.5
166,0.08611969576627601,1.0153689147890249e-05,-0.5
115,1.6491010487396591,5.522323066252688e-05,-0.4999394673123486
122,0.032833623022413265,2.9426850027818487e-05,-0.4999394673123486
150,0.502624514806354,0.003721809038050207,-0.5
93,0.007065219490028456,8.968722760675848e-05,-0.5
61,0.003250145309017223,0.0001996743417720717,-0.4998788612517426
197,0.004784997175345162,1.9006587537053725e-05,-0.4998788612517425
84,0.015862900839330334,3.4172198292512954e-05,-0.5
76,0.0012695305409504436,0.0003019946331661574,-0.5
142,0.1096784106404943,1.2077260595512759e-05,-0.500074294205052
158,0.2341673545986669,1.3270490278325286e-05,-0.5
99,0.002081037596410842,4.33855863530271e-05,-0.4998925493961886
180,0.1696138843528751,1.9213843348965987e-05,-0.49993939393939396
110,2.531448571295245,0.0007312175334293215,-0.5
129,0.8377356250173725,0.0019429118833134567,-0.5
167,0.009019900551852316,0.00035949720952795967,-0.5000137615174006
133,1.137475217894268,0.00016411810409028914,-0.49993939393939396
119,0.5311382687596063,0.060736121117459324,-0.5
143,0.01993952361797197,2.6778711114927285e-05,-0.4998788612517425
175,0.03169511410131938,1.2982782161122215e-05,-0.4998788612517426
136,0.3512347459549836,0.0005275715840678359,-0.5
123,9.723890480707702,0.011260886849160776,-0.5
150,1.115273055779043e-05,0.000880859236669742,-0.4999394673123486
157,3.86181033026071,6.527826674941092e-05,-0.5012534205165935
191,4.6994122604531166,0.00013957314455668397,-0.4998788612517426
157,1.5277050334469398,7.215133616778082e-05,-0.5000137615174006
182,2.952390967125985,4.8045899488455296e-05,-0.4999393939393939
163,0.061925102421237076,1.7536808874065773e-05,-0.4999394673123486
151,0.2735475721856538,6.319396291484865e-05,-0.4998788612517426
172,5.574926745100021,0.00010793031784428684,-0.5
165,7.760098370772535,2.5654949039253626e-05,-0.5000136881444459
187,0.19231135647281614,3.968464971417547e-05,-0.5
145,2.257163925463116,3.215575671648682e-05,-0.4999531554567945
113,3.6957758814526516,0.00022709514057081767,-0.5
139,0.8988526136531564,5.307669613960045e-05,-0.500074294205052
107,8.021347596492386e-05,9.793096774250258e-05,-0.4998787878787879
157,0.38532038652125256,1.0247633119815653e-05,-0.5
102,0.044397831469122184,2.2406267961465973e-05,-0.4998925493961886
126,1.2819441483847076,7.670658717329337e-05,-0.5
174,0.6291126950245371,1.5365893854588666e-05,-0.5
