max_iter,learning_rate,min_samples_leaf,l2_regularization,label
199,0.0050456399282773345,34,0.08341519752700816,-0.8188498086464593
15,0.991874505189668,4,0.009279438910662135,-0.8634161906921128
131,0.0014973146727073792,34,0.01338867511764361,-0.6837493934236287
47,0.33005687008420603,39,0.6212981139747994,-0.8881899314248679
197,0.001723101998847927,5,0.0011172402200056418,-0.7652665489263357
179,0.04801827529437469,37,0.002080943512224559,-0.8710250790586903
78,0.008087015822586053,24,0.19740213438310972,-0.805463297787103
60,0.00486837972091426,33,0.12504664814509253,-0.741726637473164
11,0.047426621582776364,14,0.9792476107192928,-0.7984433287108434
80,0.006251805784193526,23,0.00013336763015389948,-0.7954636557514284
132,0.002778658998997068,21,0.05053656536430047,-0.772531471807275
88,0.8264761330189507,11,0.0009671672454574348,-0.8652525888406177
82,0.01311683168125832,37,0.00015387327934534922,-0.8203447907015864
164,0.013670146763495171,4,0.04732229816026341,-0.8327733631558696
104,0.19770866994493652,25,0.04783594331819053,-0.9000255647192373
78,0.29668326314762195,25,0.034669604725179125,-0.9029215881004056
38,0.0048261305919730865,31,0.0004891290514954093,-0.6628260035197571
120,0.2335271917010517,39,0.0011142872319912854,-0.9062721907032556
195,0.0588756950919337,5,0.936844274731476,-0.8802783053180779
83,0.07769719703008827,10,0.0001552247120933896,-0.8613885779589442
131,0.34829477077202603,18,0.005816824309235024,-0.9177764928494848
153,0.1355977605655596,28,0.003831321093453889,-0.9016445665959246
109,0.5680170214050381,28,0.01734455664787891,-0.917970028774612
59,0.11942543530125345,15,0.0002989527444459087,-0.8633792956823723
149,0.5431643333820197,18,0.014933102592424866,-0.9234098558847122
120,0.6596190383954498,29,0.006573018210176191,-0.908400506767822
102,0.4590659487577199,19,0.020814793635356814,-0.9174737491117292
142,0.028110981607697233,16,0.00458812879605806,-0.8461874874835985
173,0.5736145345516714,28,0.1966931923391053,-0.9240428864082452
150,0.9437444084547378,9,0.0219590187060829,-0.8660006131615683
110,0.14181588935875195,21,0.38482824796170895,-0.8927393532620984
183,0.02212427735420004,13,0.013105782602380742,-0.8465832934251563
171,0.09760968090984896,18,0.3240312227321012,-0.8946102898720427
160,0.44838143855952456,31,0.1589098845437693,-0.9235029309809232
186,0.9860250420450698,7,0.07961879766730938,-0.8781820637170072
199,0.19284031449643613,36,0.3334490747205149,-0.916131191040366
165,0.2650309290965995,33,0.15238612112349578,-0.9182360396430832
175,0.0012325278265227163,31,0.4661535983331128,-0.6989554025887628
163,0.3649037085845772,35,0.6934498633098218,-0.9201578090273088
193,0.04596467493982809,40,0.20992386887453815,-0.8706823022486769
139,0.06785381068771526,26,0.12976635025370434,-0.8755946377154743
185,0.0021722428368689587,31,0.08626323649034391,-0.7831925761742894
26,0.6878445149834096,22,0.23117206526539505,-0.8844616178420226
122,0.018360888315960226,38,0.07741147151423937,-0.8318512420063289
155,0.03929256742005269,27,0.0321146704888411,-0.8597882781694037
173,0.4642489318784048,1,0.002499678470566021,-0.9174870854308829
92,0.17411789672833838,34,0.6376647939233854,-0.8914546227567886
65,0.0923812810037807,23,0.09825856886009904,-0.8596863278512231
190,0.7787505621540065,30,0.009392415183044784,-0.8939001942069869
136,0.009990881661778963,33,0.9618190391254478,-0.8237865933093778
160,0.004098232852054093,25,0.06153716617814772,-0.8074390203910184
126,0.3917494903545461,36,0.030261703633849567,-0.9168312127941446
147,0.23178830520587115,32,0.2423560698785229,-0.9131679396344308
97,0.029787211822587718,23,0.0016146874604830775,-0.8386284062281497
179,0.17082193151855773,27,0.17040089584432253,-0.911980688119314
112,0.29478493784766324,40,0.4475827123709646,-0.908429435320656
199,0.11645031370522195,29,0.0007918757588791106,-0.90354246528168
158,0.05907130281491504,20,0.0424155703961349,-0.8739788922823933
168,0.9713559573441226,38,0.7523028765024105,-0.9118886023145528
131,0.5397894468858611,12,0.10745904114072377,-0.920195288726682
179,0.007322031209525915,16,0.002922514867546843,-0.8224868632568555
114,0.08182584397447952,24,0.012126747079825629,-0.8746481168999409
71,0.017313174225578886,29,0.007265706638011695,-0.8225292970672318
50,0.003323168251789431,35,0.05607562894053795,-0.5636498494927181
144,0.03666306485838936,26,0.023026877944381272,-0.8558639796872551
151,0.5747845554918802,14,0.01813456214572327,-0.909884960487328
189,0.4470093942907397,18,0.293669870260359,-0.9278531211920209
126,0.23765201212604864,8,0.0002208387627926936,-0.9117609339884998
192,0.3902260967270069,20,0.30305974889042586,-0.9262578092739092
200,0.7351936487097834,22,0.5361353922376397,-0.919499417312912
188,0.14949142069304192,17,0.12934355746409498,-0.9107314060265296
168,0.4521941499796107,32,0.8456651875072679,-0.9235285649237314
196,0.3143960480974411,20,0.30224589396406343,-0.9230996579147692
182,0.8565240562049634,15,0.27641707766467444,-0.9174399786222592
192,0.11083457679427568,11,0.381624910051965,-0.9012741857262718
180,0.6216285026955168,18,0.5001181853265199,-0.923384311205505
175,0.3847889142903882,22,0.18608370464858276,-0.9244901865834698
31,0.2557375074525733,19,0.06671259044721943,-0.8693054135591529
137,0.20666848690989012,13,0.03847852710807312,-0.9104285713796246
13,0.15913736504075654,21,0.6204500506175226,-0.8296612589171417
175,0.3933928520688481,7,0.17860556244376788,-0.9257238143941254
188,0.13382723028091975,16,0.027356817876916555,-0.9073692512039524
169,0.05626241780426499,22,0.10689141481971952,-0.8748005246212021
155,0.3255438817419272,24,0.937430192869692,-0.919095354138986
195,0.07522435661664731,6,0.2452462101181593,-0.8914373964541108
145,0.09355485365150064,3,0.3920957992748038,-0.8877384368519305
163,0.02433127922028331,2,0.05002571838032974,-0.846483565215354
20,0.2875455172177949,5,0.14007333683857365,-0.8561064308583137
200,0.9800322845514,9,0.005226758338328474,-0.8608283356936368
177,0.195051808798858,11,0.07384071302041821,-0.9150437401015771
116,0.4956847872440623,7,0.09506852795123684,-0.9201332175860776
107,0.38955487657200666,10,0.7534779256726346,-0.916300268645618
185,0.6762724020881187,14,0.0006031034937409773,-0.8818606183869052
140,0.009967270640242887,1,0.1884091271609878,-0.823690377058141
134,0.7943200463578184,19,0.3582980855788342,-0.9159305790197548
158,0.04218704292768045,4,0.007784699856694709,-0.8616230709484233
98,0.001804464143809629,12,0.5758599443682056,-0.6577850863092469
86,0.12167483210275624,9,0.0016493795459915082,-0.8794409040223581
191,0.03411086195697294,17,0.44836132222251335,-0.8612197923359515
166,0.22343901922581832,6,0.012015536005353437,-0.91743067279057
74,0.052084932724264836,15,0.004046229761370417,-0.8451348309724576
43,0.8855974663728613,26,0.26718421885219223,-0.8936759007677857
124,0.517854712162391,17,0.01576411504483255,-0.9140374828641452
171,0.07038911465410502,13,0.02660057756313649,-0.8838554840418038
197,0.41073311974186144,20,0.15435296532354026,-0.9248372856646184
153,0.17607615685259806,8,0.046872725067632376,-0.9102680387728171
128,0.1005400223460134,24,0.8186888370289912,-0.8862253250301377
182,0.6325205803190681,27,0.20293217725541746,-0.9234827838682176
148,0.3356328846531025,3,0.06589088461303963,-0.9205641878840884
160,0.00556915161992416,10,0.12095414371606532,-0.8160614595438552
174,0.2665878671236191,14,0.30068116352587043,-0.9201905108369041
188,0.08214684467035029,19,0.03904150606946258,-0.8918849655465799
194,0.012973829795929422,21,0.9734529413186896,-0.8351418531655733
165,0.42905356941697387,12,0.0001172064565469369,-0.9217835361439504
63,0.7353978230611835,23,0.05540821777248537,-0.8991975958479151
200,0.14178681535388155,25,0.08293855230835047,-0.9095935294429784
117,0.025466735507841884,16,0.01884105988323135,-0.839012289971755
185,0.06492872678030898,30,0.6473253039258257,-0.8815859006122777
52,0.21595460425089924,15,0.0004145430068204899,-0.8820195915672121
141,0.01893949298852799,18,0.3998986808399556,-0.8356673922107423
81,0.2633713889954961,13,0.00012814224952669968,-0.901932397794872
53,0.005577964915718981,1,0.0002197189455687032,-0.7423760818143025
16,0.05647647089459005,10,0.00368358974250589,-0.8162863737926616
123,0.00305603737701181,10,0.32241555313649256,-0.7753257678145404
130,0.4613572767311321,20,0.008258846974500883,-0.9215622041932038
148,0.02647659786178813,8,0.24661129080515526,-0.845940014576789
87,0.008588141471093779,6,0.00010183056226723728,-0.8103743414602574
181,0.02344154627900383,20,0.013787036692728856,-0.8481078136499101
41,0.06526600575018272,24,0.006474991835595695,-0.8360565038204237
74,0.041354602990824316,11,0.04118502128862312,-0.8393012401926399
152,0.02849628330908796,16,0.002811536329867704,-0.8480079401556067
187,0.0013650447838703295,14,0.16024545780629512,-0.7315938858105164
33,0.28251065035748874,3,0.001270648688800057,-0.8706431927583846
111,0.6469920262928804,14,0.0069308404677914425,-0.8957545272183467
185,0.0956882400709904,38,0.0008401046828746233,-0.8950641098695359
78,0.00113101670142221,30,0.0103987375191113,-0.5
125,0.0016086229903859801,28,0.00018894676650852492,-0.6898712177444589
107,0.12702784230370348,11,0.00017562126198618984,-0.8878688146296205
28,0.0031281765562736767,29,0.008408071017355124,-0.5
65,0.0011540590236977315,14,0.021858131888495315,-0.5
154,0.7177501242414978,20,0.06608153026853951,-0.910416642404061
91,0.2990592954214156,24,0.7977278759924402,-0.906632066924878
132,0.2689743344025532,18,0.0005791880298465061,-0.9127660567252324
167,0.4725121279360973,24,0.0025971246050219303,-0.92107175758177
169,0.5254648384089058,35,0.002475688618447771,-0.9243706716595809
168,0.9346208342641468,25,0.000407457007437516,-0.8703762800299245
139,0.12297148361085734,32,0.0016047997056047978,-0.8966827762202634
199,0.4320821789164853,26,0.03147682351831814,-0.9284462921913488
194,0.9607036335246891,39,0.0524078208250538,-0.8841717655911822
198,0.15797575139886794,32,0.02608017353544401,-0.9118955452965279
199,0.010693270564319391,34,0.12446669073795084,-0.8303850711311556
174,0.1990867173407822,37,0.978931983634588,-0.911545113288836
162,0.4424695490597418,36,0.0039292780951293545,-0.9223818992634476
178,0.014178972036526944,35,0.019046423987826633,-0.8329927096265133
143,0.06516555611737515,27,0.4918977456242678,-0.8727888194350051
97,0.41403580041997773,32,0.09545642491572938,-0.9137063462891132
120,0.6666655345023471,22,0.0003842998516671584,-0.8940930783738112
159,0.09428761467889762,34,0.005251026183280006,-0.8910687246894566
191,0.01910331031638491,40,0.032715705018299686,-0.8450171831891561
12,0.005935287804794924,18,0.014360718053406182,-0.5
173,0.1850499487892815,27,0.0016350658515095293,-0.9126824739505924
116,0.0834934232014665,29,0.2487966809479878,-0.877077684829408
54,0.03927978126410344,22,0.07748964562075954,-0.8318326040778088
140,0.043276963980012434,26,0.003072933541477156,-0.861163687600467
183,0.34637464553509345,31,0.0011071562952844989,-0.923649332244004
100,0.975166767245076,5,0.00010190784186196604,-0.8633889790369904
151,0.22611297489275006,22,0.011412896528997034,-0.9145634354765108
200,0.1376713752750361,18,0.1734139924559472,-0.9108340399361781
132,0.5730992098147644,40,0.00520836361099469,-0.9177778886151062
187,0.002700148956406832,38,0.0405450521120017,-0.7955307832084665
158,0.05047999112728863,8,0.0022176432548062963,-0.8688611657944598
73,0.01813247715893834,34,0.4043638780296137,-0.8228192444720511
145,0.7810991151391509,16,0.00031121613107233485,-0.8748948452152339
167,0.23263090527781416,30,0.0006088386198598044,-0.916167563034857
112,0.31629281535971343,20,0.014590557535417829,-0.912839921974724
21,0.032026335371338914,12,0.007831396409185645,-0.8094038499378223
86,0.07210760102918179,16,0.0007037440214788103,-0.8614574646348784
127,0.5496830642093856,25,0.004398084856526577,-0.9191139606454009
192,0.3773822600784653,1,0.0001461781148828471,-0.90957148312516
44,0.10982092634927737,36,0.0010389183484802186,-0.8529329239976663
181,0.16601292759203665,28,0.051385777785027474,-0.9123756549046786
136,0.8387127470063966,23,0.00024850684250032944,-0.8744466970750471
171,0.008385362197961384,33,0.01923794165481229,-0.8242544031592235
148,0.5276411265556236,38,0.0019368541075895527,-0.9202481333667544
163,0.249431763718268,30,0.6773278465257322,-0.9158013252796448
184,0.3161460541038352,31,0.0013443791037386788,-0.9220386870811624
177,0.3325134093153841,36,0.003257769414198126,-0.9227083217258459
198,0.6454411963593943,26,0.0010564577157442256,-0.9090200960095448
188,0.4639317877231106,31,0.00046968467482150976,-0.9248432909289284
155,0.20606668478822188,33,0.006140637933194468,-0.91162568960516
193,0.36343779022501743,28,0.010129386269370244,-0.9254744549917172
178,0.1019014369395674,35,0.0009578722043069092,-0.8979137581490357
194,0.15213689977286726,28,0.009863074084032251,-0.9096388590831048
191,0.4330634990083841,19,0.13081417242741966,-0.9271282825481914
189,0.2717440687621365,21,0.02277338171746333,-0.9215342511558984
163,0.8435299852585021,25,0.03345631378314002,-0.8884714557639368
196,0.3900859147633449,9,0.1777706263686732,-0.9266047855347006
106,0.0806381171163545,19,0.12113058637576415,-0.8716429671096041
172,0.05414600293820568,14,0.08545416756301402,-0.8740666206007874
121,0.12328135602642715,15,0.2769612005956988,-0.8904986817294229
196,0.1777530847570844,9,0.16560707365486568,-0.9164733793713172
199,0.6713961449620951,5,0.1948176270665572,-0.9234433045945916
180,0.024993184552842624,6,0.35281699825099994,-0.8504548524534027
64,0.4127604548871235,2,0.5958016765416021,-0.9017153033375568
150,0.03349537877904864,11,0.06758291935789723,-0.8531306647005019
159,0.9946608520303232,17,0.10902270631753454,-0.8770210396643042
175,0.0043479531004229546,13,0.20434156975170792,-0.8104412995854259
165,0.14977439003849544,8,0.05862760520685916,-0.9059189867931966
185,0.019982350782764363,10,0.14061182851516688,-0.8437588103788005
145,0.0017301571985848265,19,0.04376494892432711,-0.7258934702461806
155,0.05853030808978312,12,0.4562620556637699,-0.8724920330899313
94,0.08671572535472744,23,0.02880863212781888,-0.8704254824747641
127,0.2141963120345858,7,0.868583972853454,-0.9080013387697342
101,0.013023012348224778,17,0.309783778913055,-0.8231328609752767
135,0.5830253249453989,3,0.016397530276969226,-0.9069796238087402
115,0.4831568633017603,23,0.09722422386128857,-0.9197746268414204
169,0.2643499435785846,21,0.5710796707479696,-0.9172240727052109
39,0.7444117315140829,4,0.22214276621355133,-0.8960159914905377
142,0.11237730222814103,15,0.06927507098658184,-0.8942779471096294
200,0.0709477597371723,9,0.039716662540365176,-0.8891948896920552
190,0.4115152514336719,24,0.13731317860829834,-0.9256823621720968
60,0.007866649213075531,19,0.012238494617788306,-0.7895649851170402
87,0.6151434956947758,27,0.38567172764138985,-0.9134538139488656
77,0.13513063688657104,1,0.049498089123080166,-0.8800288307023653
183,0.18592742146589425,26,0.028104709291879283,-0.9137808816367928
174,0.042061519549428224,29,0.7550960260531856,-0.8652794767135893
180,0.23349516427308886,13,0.08626406736080815,-0.9195165205421436
196,0.8955974391968359,17,0.2965133461320826,-0.9085459181764344
158,0.308726197093344,7,0.022163096452208937,-0.92133581818537
83,0.3592657618945657,21,0.9304884664177392,-0.90535327520358
22,0.5292495401594121,15,0.00828459284971079,-0.8740886036513625
187,0.7168051856616174,12,0.03237988396687023,-0.8918373055323242
131,0.2737017192644276,22,0.2474238155207103,-0.9144400250228036
147,0.9927874110013232,9,0.01851541817151791,-0.8637889035939418
137,0.4674395785751759,18,0.4868277351050836,-0.9226896350888149
154,0.09113974871949712,20,0.06031735503320097,-0.8889144786249605
170,0.049313156385918704,25,0.1026127542232229,-0.8696345748603905
110,0.03697803752068953,24,0.16975585920716224,-0.8472076437473559
47,0.016164208030327032,16,0.006635794707842419,-0.8105423735961204
161,0.029492117192325393,27,0.12141960457606185,-0.8518259785801398
188,0.004344357353741839,24,0.20158797361830227,-0.8130223747113563
75,0.11231151702601062,39,0.013191916026927772,-0.8686769658216387
58,0.0071137648511389795,33,0.00024217807923949649,-0.7846507973949406
90,0.006960571155984243,21,0.0012418191341548065,-0.8048652998703512
78,0.030112907068577336,25,0.03361418637957709,-0.8318893671427473
142,0.0010826108435905396,26,0.018182381349133785,-0.5
34,0.0017365209443702349,18,0.06282699736004965,-0.5
36,0.07133342565898372,22,0.00019740872763116064,-0.8349515988592222
40,0.3178399172566297,40,0.0013767464430144455,-0.8832848476115611
14,0.04202553819302543,26,0.0268114377039908,-0.8042466177485721
89,0.02381204694191572,23,0.0014866750284451011,-0.831038911133858
45,0.10917926272657001,10,0.10905774207774224,-0.8528386216723941
160,0.5350092234718719,2,0.01112633205591559,-0.9076462554571018
61,0.001074820291693152,38,0.0002714969773601563,-0.5
133,0.0031123599868064047,30,0.0983938023784982,-0.7864975656780903
30,0.0640025476084256,14,0.16247742832228804,-0.8302454918826321
15,0.0016840548415489368,12,0.1288012999909866,-0.5
194,0.17680892580456473,22,0.10980412346673823,-0.9148251482911582
124,0.01950910194906465,16,0.029894871722938324,-0.8342125093304087
90,0.039859352813689915,26,0.002136670705550618,-0.8440084815660075
196,0.9373672187173749,2,0.4111286151690227,-0.914101450432792
171,0.9262292101594964,6,0.004025622279382601,-0.8672435927016273
162,0.3609853821512629,2,0.7112206028113528,-0.9232295615441196
165,0.350950164150245,7,0.005306440972778293,-0.9226744607918322
113,0.35869495212000385,7,0.0055127041213209865,-0.9157299993749571
155,0.2337469726705628,4,0.7787950199054255,-0.9139752077980848
179,0.7097283437364562,9,0.0006379374463241681,-0.8755337710543543
149,0.4801454290210483,5,0.00592920189323782,-0.9049149307051568
176,0.16548804985093532,1,0.4185521207232725,-0.9093784475848686
113,0.2833220890735204,9,0.0005601267876060586,-0.9117725264765244
166,0.014649738346908537,12,0.3295967829072574,-0.8341309643259931
188,0.08840724397142212,3,0.00012123959929667814,-0.8954475414269165
134,0.17561940799893816,7,0.0029911810960407807,-0.9036984334959012
186,0.01195623859663552,18,0.054721901630643215,-0.8320548027643067
150,0.5508517867335111,35,0.007667367530013205,-0.9210519444404458
200,0.055661451283741635,19,0.8631207534636516,-0.8778975155916428
139,0.00704231778827338,15,0.020751184839640727,-0.8174221226717506
124,0.10859821781026073,29,0.012612471955075805,-0.8870454685595248
106,0.7203774033289942,11,0.0007336702240064952,-0.8745367061053513
163,0.1507552762255816,8,0.047125061049675385,-0.907431852675916
181,0.36409197946711147,13,0.27560137464214096,-0.9247697986758252
102,0.2268738015837149,4,0.00039602109196231714,-0.902925560539938
74,0.037417915833811564,1,0.017230517860260273,-0.8368635193916603
128,0.0041380668995733534,17,0.0010391723402419725,-0.7973258636464201
146,0.4369708932074911,21,0.25102633815276154,-0.9220630038265404
180,0.08393355349237054,14,0.7115294374558985,-0.8907710484604939
155,0.051814524460865916,29,0.5559259804860225,-0.8679713707018302
199,0.02793455372463271,24,0.21270949489390967,-0.8557996556830829
187,0.7173067217639463,12,0.03878674221942377,-0.9016897838787896
55,0.1229796758599951,14,0.08879349924512815,-0.8631770415053875
173,0.25336448758866165,20,0.16114990328013462,-0.9177178507676064
82,0.001801218638996585,33,0.066436573878612,-0.5
142,0.012338660637518484,10,0.5981120979624178,-0.8284300915847389
25,0.9357535538341312,27,0.2819245258609515,-0.8822709892081717
119,0.009205348405017643,16,0.917931986027101,-0.8206355162339035
95,0.019087859779419267,38,0.08096683745109343,-0.8277982103113788
193,0.3649229572404308,23,0.3750204318134592,-0.9257246541225432
156,0.573238034758523,5,0.13872546215746745,-0.9227831895979474
168,0.07409470700188807,2,0.024967271231286114,-0.8840799536283143
134,0.2074908796335486,13,0.5096779264823437,-0.9098229142360316
191,0.14060023663124985,32,0.008985189810791959,-0.906997365623084
71,0.418208827583442,23,0.3717814713243017,-0.9055674288326376
51,0.989092626230086,36,0.2074888200894901,-0.8930766474739105
180,0.3130517812012361,19,0.03764915485599087,-0.9230808768908756
185,0.0054775324584357046,25,0.0699921670265478,-0.8173485376150094
194,0.09874005201137546,27,0.942301332778745,-0.8978360521265843
159,0.6523662470508709,22,0.11181558791645216,-0.9216065480495744
198,0.3809026504315367,31,0.2976403039162345,-0.924779462463916
172,0.20806468709436665,28,0.2945281947634947,-0.9148817101790894
199,0.4013245257452223,32,0.13873155441482646,-0.9266331028755206
181,0.27160730434211056,36,0.5016600844105106,-0.919850994947617
193,0.1243717116846188,31,0.01590914005653123,-0.904449510765906
195,0.8422547993730825,39,0.1640759984074692,-0.9144087230079684
170,0.047058701962632565,34,0.044992617564785294,-0.868768532052799
175,0.06784694428595052,30,0.029473469465564443,-0.8835114709279429
151,0.5242339903925766,40,0.4059822840045801,-0.9210673706213568
198,0.4051874249084063,37,0.13536726231978366,-0.9266800166240649
66,0.17880258400818522,32,0.2056962707706932,-0.881367113184073
188,0.03482347599082733,34,0.06109193956600401,-0.8613580739780676
11,0.5951208312300177,25,0.0020482105552373296,-0.8567421517066374
165,0.2996043899022457,36,0.0224297753636696,-0.918259952268327
198,0.05971452107217756,37,0.12249972903183162,-0.8815975414402581
141,0.7507562645229316,39,0.004206555127977326,-0.9064684630624279
200,0.4649312021260397,34,0.09358744870446896,-0.9259451127128409
200,0.4302261310858229,40,0.012660594190364057,-0.9252145982121182
146,0.1397727293470022,38,0.007152957144287063,-0.9006805933827527
184,0.02392335144318877,34,0.05289301238261315,-0.8488171776237049
84,0.4832523786450679,37,0.08182592912856439,-0.9118199786151588
128,0.19281106574520296,35,0.03328838778559006,-0.9054817384336604
177,0.001455497028239772,29,0.0147130671127608,-0.7309987045129036
117,0.09758656469070756,32,0.15840154052705294,-0.8810816845766121
25,0.0026411235115906978,27,0.095577727917223,-0.5
157,0.7945160653100739,33,0.6775145763591078,-0.9171317958674026
38,0.24755946963361175,30,0.009885057500399022,-0.8737946789654849
137,0.6470000934077415,37,0.2366738799946526,-0.9195873285187792
190,0.15338182157847666,35,0.000100784836293433,-0.9090418482686518
98,0.8821643676488662,39,0.17509903336951022,-0.9083181047693576
152,0.07395740702479395,28,0.02161019367102769,-0.8801156948634901
162,0.04300496734412596,31,0.0432335723385788,-0.8639518820412733
182,0.01779066450413438,26,0.003426312859710923,-0.8406182024548423
111,0.9952627009794208,35,0.1313794224522502,-0.8935539861994712
146,0.33420550613542505,28,0.4872960781206692,-0.9186391756987036
170,0.028363968383037837,38,0.018701965023086138,-0.8520701146180871
129,0.008710017169732227,24,0.026754305826750282,-0.8196123633819254
177,0.12270946497996807,21,0.06966898652083957,-0.9036938113994428
166,0.21962276343500606,30,0.034443617342546265,-0.9155117240587722
190,0.44804983431023865,33,0.0988197080094263,-0.9249608323451176
200,0.08069012618257743,34,0.05384056767722338,-0.8944822600079778
174,0.26859961225449464,40,0.33010240977872746,-0.9184380790874328
44,0.1029028252757026,36,0.9895028814674496,-0.8494221941888561
196,0.16343708613124233,25,0.8087408479712243,-0.9106303775865678
185,0.6420139039605743,38,0.5974417634408056,-0.9220774082907671
106,0.5228297577342415,31,0.0016597280606542373,-0.9147598330853296
159,0.4067198261707358,20,0.0002737741988411285,-0.9238205473540478
163,0.0515966755008226,32,0.2388434719838674,-0.8704583092564441
123,0.03247928862880523,29,0.0810730733411267,-0.8459655001841373
18,0.3236011333647271,39,0.0010634299703671073,-0.8573641666718373
90,0.18989939614933246,37,0.008026514221173078,-0.8950025678248472
169,0.24414945008767586,26,0.004944007005074877,-0.9175983994508944
137,0.28831437507114804,18,0.010951029516302788,-0.9160236820640796
187,0.0046814589056849674,27,0.012543774846998295,-0.8149688588633494
147,0.002638256594459645,25,0.00427989363411579,-0.7782386201978426
66,0.12848880668242427,6,0.24760901589177264,-0.8717406448682894
92,0.5845779731102377,23,0.050098290383522426,-0.9110270725372792
60,0.7020028934819476,6,0.014119805541424226,-0.8816806453691445
162,0.0012236396989020726,31,0.641800994535706,-0.6883771529661635
111,0.4924624207317626,33,0.08593811635111807,-0.9190572180877702
196,0.0563615832071319,10,0.00033036210448413966,-0.8803727047125921
164,0.038338974404696,22,0.00253505757227422,-0.8616086338760679
121,0.05836007853502299,35,0.2229392857641982,-0.8642059693687297
179,0.3771470146644169,7,0.25786075345941606,-0.9252584683510532
192,0.0033059308387074953,25,0.00048359918340638185,-0.8059207060727809
144,0.0016466481881380881,32,0.011808676524902927,-0.7194701338855233
127,0.010862864200250564,34,0.0002568606270464995,-0.8233490011083646
86,0.0026073633122105587,29,0.0008134164114278287,-0.7024637327494266
109,0.14351780648522774,30,0.07980733581143794,-0.8924110999148965
176,0.5700477696270861,12,0.0135708153639091,-0.9108714444998022
16,0.18519485815914125,36,0.7576833163229513,-0.8372453108197228
27,0.1557556584725417,3,0.00020864607339916505,-0.8483077993353971
36,0.5800349692994661,30,0.0010144123605221199,-0.8908717232096579
140,0.37763954986331616,40,0.04773428540360368,-0.9192142100041572
72,0.3117007131030605,16,0.16865426520205462,-0.9020563772442364
102,0.012296799740264621,17,0.5581870139499909,-0.8231579599812123
44,0.9953070893106598,39,0.03810118742883318,-0.8696443184313172
142,0.2837528220569327,40,0.03228677621682138,-0.914965145281488
170,0.9831825532623136,18,0.3234015843687593,-0.9079027291717402
129,0.09054702317592699,1,0.10887341094770424,-0.8828653788018845
151,0.015608974202878453,13,0.005780611550334817,-0.8331709589883903
184,0.3549825801718405,8,0.024806994056496633,-0.9245551294233328
200,0.026685468521331857,2,0.14659386305577615,-0.8561236437961057
155,0.2308184589510638,27,0.00010790862287495352,-0.9145014074773252
179,0.1144081725191143,19,0.006139799608158652,-0.9008831671423296
187,0.07543835366683145,8,0.024460361035528,-0.8894979994578703
200,0.007452482158214185,4,0.0024965903315753127,-0.8250904849113463
178,0.9330702763668044,14,0.8982270749807044,-0.9180539894328896
186,0.02520886260093466,6,0.38875537570650975,-0.8506805729685618
161,0.3758103248014295,10,0.06687081214468031,-0.9234186950337928
134,0.2448613574229616,8,0.026269898114919643,-0.9131392918585696
85,0.04101100402993792,5,0.020282592587457345,-0.8426312604351848
120,0.8439974458089047,15,0.0034552072810837657,-0.8654061802772446
168,0.10151290954654084,11,0.0015949617465080494,-0.8958222404267969
100,0.06141127893558512,21,0.00802189743067866,-0.8592160332642397
157,0.4576913363145759,8,0.3490375101787229,-0.9247183849464108
194,0.7156383696258791,24,0.2101214499663931,-0.9181999684770435
119,0.1856282881905288,20,0.4574577154977048,-0.9034609226650048
160,0.02021383032084125,1,0.9484009554461216,-0.840248101247265
151,0.4545974849834507,9,0.3052175622123766,-0.924158313956882
171,0.007101468770797959,6,0.6525650957739995,-0.8212583673874843
70,0.044054775392831966,13,0.10528396664640488,-0.8397833200460152
135,0.7063548896987991,27,0.061604199087681125,-0.9180213192943392
58,0.17627878856106832,3,0.1228960164716412,-0.8785063328143691
109,0.0012060092772356971,16,0.015372604271036228,-0.5
92,0.4570432562184344,11,0.2016574245849877,-0.9154953269719964
147,0.07717494562905887,7,0.4283928494915216,-0.8809800865646176
191,0.6290891002158842,23,0.979827748676406,-0.926109749380436
115,0.1400432571399966,4,0.04114628663224768,-0.8941388452225001
195,0.0018925874958463664,22,0.5652235126155506,-0.7751092597926071
127,0.004860124222669889,25,0.2511651326899188,-0.8051905409806279
15,0.2551900606957232,38,0.9442805150941709,-0.8443846376793394
57,0.5766357711053904,32,0.008822284636533699,-0.9011809670040358
190,0.03442380833795243,27,0.00044389241114316366,-0.8620202300656097
182,0.05209912282377874,36,0.1597492514981037,-0.8735052153805117
200,0.19743243348836154,23,0.00012234542095368965,-0.9180232573960656
173,0.12851486212754462,29,0.05582106976800951,-0.9039992913560064
167,0.3279473052844611,18,0.0008180108617484184,-0.9231652010647764
155,0.4912514162845661,20,0.2962096646656195,-0.9222584395082299
158,0.8147540830653411,17,0.08933042865584334,-0.90805175339208
137,0.401693840119798,14,0.727502542621673,-0.9205222928282067
176,0.6083289000401138,25,0.3538156860039631,-0.9246623285587292
165,0.30962853453910155,12,0.14950850772534532,-0.9224075973233096
191,0.22780149853682746,2,0.5118705277812586,-0.9195914817979786
142,0.10802040635423447,34,0.08249976835929476,-0.892231264330726
182,0.07645754793779178,15,0.7442972857601353,-0.8878201629116792
149,0.7902605957835651,10,0.24459948349553276,-0.9186300021889112
131,0.9922698928754232,21,0.016779302274459448,-0.867118716051835
174,0.16121281219841951,19,0.18933564066775685,-0.9087305207434568
200,0.6049401934257982,26,0.12338801455491005,-0.9219779368687672
188,0.28680068741071163,29,0.031421412788781376,-0.922813963478422
82,0.3835817992456674,9,0.9320747198329622,-0.9095542318006312
163,0.20364125213009404,23,0.5624009914289928,-0.9128688305509016
126,0.017589778633901806,7,0.06755867274237565,-0.8323679948063368
100,0.5368778012292921,4,0.04600838718454068,-0.9140117763640698
154,0.08869766042579502,13,0.0016714829272331385,-0.8893199525084443
180,0.42117015890471976,11,0.2808589275164786,-0.9241951193173884
196,0.059416067315150776,16,0.40404155900029576,-0.8824454461240931
92,0.010950480443315985,22,0.10016198027438736,-0.8169395404351298
24,0.02543556715373567,28,0.9894171501271484,-0.8041246659836698
144,0.0010029231112072118,31,0.012057376618568032,-0.5
123,0.6854592754751213,5,0.005288321429331731,-0.8773317336625327
48,0.27310613783013393,24,0.4698178429211378,-0.8863880868009254
185,0.9749567396481696,18,0.03412098921047795,-0.8686138719159515
115,0.13370340440466166,7,0.33678426005703305,-0.8917505005261812
168,0.22103882765173485,3,0.6784406803063115,-0.9166878710424682
171,0.04803034860524991,12,0.1236746934155828,-0.8681087282687289
146,0.003339006142329706,9,0.18120649170853728,-0.7925212682000141
139,0.030651492275954213,1,0.003509395693068779,-0.8476559490405491
132,0.11651833671450515,15,0.000180972005497251,-0.8918039716791917
159,0.8765096917706375,19,0.019119811979774668,-0.8701386373375873
194,0.15575414641327265,2,0.2218594015700009,-0.9118387517049944
178,0.3243934995167833,14,0.07693963619833473,-0.925633545897766
106,0.008153909898113916,14,0.00983878515803492,-0.8153479621349738
176,0.09822767201275526,17,0.0223627384275874,-0.8952218345957783
198,0.06469178751999323,26,0.0754991296333242,-0.8859556470485043
162,0.3593513818998337,21,0.00713479790975233,-0.9216883486271469
152,0.7296256325586329,13,0.13323824783185967,-0.9131267858739124
185,0.32178964406636706,10,0.05940822091936481,-0.9261979549771012
75,0.5040899812792115,5,0.02855397598634033,-0.9087677203992712
191,0.02040998589406135,24,0.05055385573752247,-0.8464453051291363
11,0.08584212554777078,16,0.03996655215522285,-0.8160202754437621
187,0.1750693779404198,12,0.014981275076225334,-0.9158567314173774
178,0.03472450202678383,20,0.0015726715772508015,-0.8594749512606974
183,0.6275720334152229,22,0.00508284288377273,-0.9117381045067424
164,0.2574398570028076,14,0.003993837470123957,-0.9181403774057152
38,0.34563442705616443,18,0.0029843927040456965,-0.885750338496304
170,0.3079168582414959,11,0.0004870166154926425,-0.9220937409372044
115,0.12127016849881005,10,0.01113999411097224,-0.8894444985283032
197,0.4470955521339214,19,0.01831920779147655,-0.9279915129528271
180,0.2163766554858933,28,0.058633173690848986,-0.9161033102656886
190,0.012960566887740959,32,0.09800851480586546,-0.8352776367680143
62,0.06489236860176982,30,0.002133311872471788,-0.8474841118323392
165,0.04121920031713503,25,0.610897855029067,-0.8623961772249157
135,0.7711770586681354,17,0.0002143126919300046,-0.8713216279917477
153,0.08309227834679597,1,0.00039156751506835364,-0.8850190046913486
40,0.028239830340853294,9,0.0011460510060542193,-0.8217565349305769
68,0.09450761944963916,22,0.034436873969848174,-0.8616118957791482
66,0.39939774944857614,13,0.0008330886083308978,-0.9037696217439144
19,0.048732010204874165,20,0.53062867212006,-0.8156455328923338
70,0.005007496436235076,11,0.05969596927583901,-0.7724879234724267
189,0.005586774531624057,24,0.051705540643585415,-0.8188622040478208
91,0.0719539036126317,13,0.020531884428855056,-0.8617227514528429
179,0.007226810276091209,3,0.07271269381825145,-0.8233666985952667
110,0.035944161829368576,10,0.010202781924292385,-0.8468912964847959
11,0.06888339820699603,38,0.5983190670696046,-0.8113031244790412
180,0.21640760648704013,2,0.0015247649362644445,-0.9191634746468984
141,0.18638371563596048,6,0.05080145543263387,-0.9080918089322031
19,0.13343889815688534,17,0.00011755087243335258,-0.8350828881970539
96,0.008360451207096291,1,0.005581185295602385,-0.8128440528961098
108,0.0010769666412528821,18,0.2750480846135933,-0.5
128,0.01824804887421304,8,0.00020391283132673363,-0.8340080767665601
178,0.23987932773164075,2,0.0009214118624275063,-0.9183121596377032
194,0.9717798448444468,30,0.0027932331712967468,-0.8680185220494356
174,0.31464267737736185,4,0.0017472103307539506,-0.9228629323912158
198,0.3101890436231465,34,0.0006165763532785186,-0.923069299048427
157,0.730988895166438,6,0.0028784926682319705,-0.8763181034056314
200,0.4261631984426629,37,0.00044151329697766564,-0.9253577684557016
164,0.4346688687243208,33,0.00010797439970265636,-0.9231418733864046
200,0.31619554319496074,28,0.0070525567644894455,-0.9232725098879588
149,0.0011926210730583626,34,0.0021637346427459407,-0.6626107967311357
125,0.6431214525437519,40,0.008534738025862649,-0.9174573578243372
195,0.5373649877510721,28,0.004573447775137262,-0.9229834587178616
200,0.944943832467813,38,0.015311352183423787,-0.8729628169313098
123,0.1305747628610419,27,0.1967232509654525,-0.8933542389254081
143,0.0018393486583418548,32,0.000318903368197687,-0.7337222175902856
170,0.01710458081951569,37,0.0004365653570139594,-0.8385663648225291
48,0.14703087266260595,25,0.1349096542444889,-0.8648093832167932
157,0.05655478529796237,36,0.00017333395520556923,-0.872052122495039
188,0.026641749865031945,30,0.028038381575573614,-0.8528559926250001
77,0.09947777115784556,22,0.9810475183486178,-0.8678445351317159
165,0.4597680975795326,26,0.0006713322625806437,-0.9237744511228664
135,0.3082316650465179,40,0.00036754506452067997,-0.9135079737464092
162,0.5026379690104772,23,0.0006198496339008369,-0.9212239309793728
115,0.8972264892661309,15,0.00015407545995224802,-0.8660621781179534
186,0.002908630200123695,21,0.00028376777283239236,-0.7983038389660831
38,0.09747399056276597,31,0.0012364039123653962,-0.8449319383932548
100,0.04447397921073276,26,0.0006464429516957579,-0.8495371215267504
84,0.010414698901130576,19,0.004363989518187379,-0.8155852268152801
149,0.17390426606286294,14,0.013159837009747329,-0.9076689018735482
167,0.06530202757332577,35,0.0011629957225760342,-0.8790532052739621
139,0.025331545220007967,16,0.0002615673012844761,-0.8440115852011841
56,0.6396434906965864,12,0.0001149767229988752,-0.8915768483349618
184,0.22303691759557534,39,0.0004934779254191715,-0.91589517662964
116,0.3955801545816567,24,0.0030787637924554853,-0.9170863580811409
171,0.01951782441215285,29,0.0017158576996949533,-0.8428006894889657
133,0.03625246655568645,20,0.0009414719597769515,-0.8520791631105241
177,0.084961554761784,32,0.00020055377017604188,-0.8912102716670713
27,0.01360671504359209,36,0.0399816555551652,-0.7758606931790025
193,0.13030119939384693,26,0.02302204225502593,-0.9070107349812696
89,0.26699261012891085,18,0.0022331022354671074,-0.9058803214760984
146,0.0030521349872002983,10,0.00014177395125869872,-0.7861126741096414
156,0.39671476474842426,34,0.005013760261227041,-0.9226371759809814
182,0.1683726546641797,38,0.07136784718483502,-0.9109293896216304
102,0.7478221862239983,29,0.010527790515258026,-0.903109354469492
163,0.1129970394817366,22,0.003514644831268857,-0.8995268533723051
68,0.9931402606961158,7,0.0007250886052883036,-0.8626312353795026
192,0.5291927319644707,24,0.0004865147955573508,-0.9172387443995844
200,0.3655456751792504,32,0.007751707924924356,-0.92449259194003
175,0.21000196107654773,27,0.01714902672467795,-0.9159469764672392
190,0.27081333156681425,28,0.007253385098741111,-0.9217905184534432
197,0.6468748546927249,32,0.0009560093434178012,-0.9129803329839052
153,0.3416466717426248,33,0.1050974553956021,-0.9205529367251042
181,0.4494958828570562,36,0.0013664647004587769,-0.9254725482913216
172,0.8073580082133552,30,0.2662010341695801,-0.909133648765272
181,0.05268387548241806,39,0.0022786049154123558,-0.8739655245905549
200,0.1934832557221304,36,0.0013714550449627127,-0.9155488844494176
187,0.06584595341224762,37,0.005835140598376343,-0.8840752729985194
159,0.3759687744563453,40,0.002022042185091102,-0.9207767506229908
130,0.5916167278373098,35,0.010113266812687352,-0.9168387332821866
200,0.07968498137833127,33,0.003833239668469795,-0.8942390238939817
119,0.16357354282204653,31,0.006364651480782557,-0.8981865948044157
141,0.2547574318674322,37,0.0002416739101407161,-0.9135349861060844
62,0.4766450009356563,39,0.034259226107867684,-0.9042647965542612
169,0.8566253836817059,35,0.0028147134128589427,-0.886028228098024
177,0.11399394614404533,31,0.00039834293136100426,-0.8985251556896315
111,0.6944743251130524,38,0.0016353554683695415,-0.9135190155412384
195,0.0346488723427871,29,0.007988767670429237,-0.8630511119948208
75,0.2920561828749479,34,0.01383262315127352,-0.9011476751982238
14,0.3510032578126959,40,0.0008595017775130648,-0.851358382185936
148,0.005855415448501297,27,0.021558452473475383,-0.8137935838762658
185,0.13441375059319266,37,0.00010109342782394159,-0.9058591082375036
152,0.4328800187486483,39,0.0003223647918662809,-0.9199899346660976
137,0.04424783579227567,33,0.00110732917405968,-0.8591808291078159
190,0.9791478795403388,25,0.0005337944733762694,-0.8635058390794856
124,0.2276219242847605,36,0.000138181906756308,-0.9096243563765408
178,0.5841046361260558,32,0.011890816664573606,-0.9230330486596476
160,0.02205738572029515,35,0.053016932775222035,-0.8431734310607546
167,0.012509822149318244,30,0.004392822800701206,-0.8309324542932321
39,0.0013159622356246836,21,0.02585348774163894,-0.5
30,0.10855113171317332,28,0.017415519322824913,-0.8415648325766781
196,0.15438961360030734,23,0.8216175437669558,-0.9090988014503528
173,0.19256986396900133,34,0.0034993262259871622,-0.9123267610652857
94,0.061186362921866064,4,0.00018651701294541975,-0.8581541548580803
182,0.08148998592656233,19,0.00140324999601264,-0.8906285534928369
52,0.43870710062576457,38,0.09486827086231636,-0.8986370209376403
143,0.7546359061336364,31,0.0007565222192429139,-0.8927874974153356
154,0.0032215854822635376,25,0.3880273683241297,-0.7936681853003948
85,0.5164757772007976,36,0.03908704057187653,-0.9100316479046388
188,0.09111753078533642,16,0.008776782784335753,-0.8967546339693152
106,0.3040448275954672,13,0.0025651712808871484,-0.9128343532765558
165,0.03929913042439465,23,0.0019013907453748339,-0.8632376443854515
129,0.007326997121056597,26,0.00034564916040752565,-0.8169570475314052
120,0.003660208779941271,32,0.0005685725511133921,-0.7865852445873549
192,0.03141786342505468,30,0.0002257205157787481,-0.8581598402165135
199,0.2437901503295185,39,0.0010666906991832798,-0.9195294308621716
175,0.07216019060200153,33,0.005234202379274071,-0.8860023135809821
185,0.13824441770908252,37,0.00027105996821019613,-0.9047940713275648
133,0.04892626070938177,29,0.16977266639002506,-0.8609545361900535
145,0.20239090557824105,40,0.0014650786311796976,-0.9078020099667412
161,0.8197640996780662,34,0.00043202302544791566,-0.8918135301864215
112,0.0020505676968245266,27,0.003941365942259768,-0.7158991318718291
170,0.6032165264442781,38,0.002494687827843233,-0.9214438954774706
